Index,Name,Symbol,Market Value (millions)
1,Exxon Mobil Corporation,XOM,384845.8
2,General Electric Company,GE,346042.1
3,Microsoft Corporation,MSFT,299647.6
4,BP p.l.c.,BP,248469.7
5,"Citigroup, Inc.",C,231977.7
6,Procter & Gamble Company (The),PG,194814
7,"Wal-Mart Stores, Inc.",WMT,191978.5
8,"Pfizer, Inc.",PFE,189297.4
9,"HSBC Holdings, plc.",HBC,188804.6
10,Toyota Motor Corporation,TM,187196.4
11,JOHNSON & JOHNSON,JNJ,179515.8
12,Bank of America Corporation,BAC,176906.2
13,"American International Group, Inc.",AIG,169908.5
14,"TotalFinaElf, S.A.",TOT,169852.6
15,Novartis AG,NVS,151092.7
16,Altria Group,MO,150638.6
17,GLAXOSMITHKLINE PLC,GSK,149062.8
18,Mitsubishi UFJ Financial Group Inc,MTU,146421.9
19,J.P. Morgan Chase & Co.,JPM,138596.3
20,ROYAL DUTCH SHELL PLC,RDS/A,133773.4
21,ChevronTexaco Corporation,CVX,133307.1
22,Sanofi-Aventis SA,SNY,128920.2
23,Vodafone AirTouch Public Limited Company,VOD,128885.4
24,Intel Corporation,INTC,128146.4
25,International Business Machines Corporation,IBM,127641
26,ENI S.p.A.,E,121462.5
27,"Cisco Systems, Inc.",CSCO,114067.1
28,Berkshire Hathaway Inc.,BRK/A,112846.9
29,UBS AG,UBS,110546.6
30,Wells Fargo Cap IX,WFC,104281.1
31,AT&T Inc.,T,101549.8
32,ROYAL DUTCH SHELL PLC,RDS/B,99061
33,Coca-Cola Company (The),KO,98450.1
34,China Mobile (Hong Kong) Ltd.,CHL,97501.2
35,"Pepsico, Inc.",PEP,94976
36,Verizon Communications Inc.,VZ,92763.8
37,CONOCOPHILLIPS,COP,92112.7
38,"Genentech, Inc.",DNA,90603.7
39,Amgen Inc.,AMGN,89969.6
40,"Banco Santander Central Hispano, S.A.",STD,89248.8
41,Hewlett-Packard Company,HPQ,87958.6
42,Google Inc.,GOOG,86317
43,"Home Depot, Inc. (The)",HD,86139.8
44,Wachovia Corporation,WB,85370.3
45,Siemens AG,SI,81605.6
46,Nokia Corporation,NOK,81494.8
47,UnitedHealth Group Incorporated,UNH,81108.3
48,Time Warner Inc.,TWX,80206.1
49,QUALCOMM Incorporated,QCOM,78855.3
50,"ING Group, N.V.",ING,78822.7
51,Exxon Mobil Corporation,XOM,384845.8
52,General Electric Company,GE,346042.1
53,Microsoft Corporation,MSFT,299647.6
54,BP p.l.c.,BP,248469.7
55,"Citigroup, Inc.",C,231977.7
56,Procter & Gamble Company (The),PG,194814
57,"Wal-Mart Stores, Inc.",WMT,191978.5
58,"Pfizer, Inc.",PFE,189297.4
59,"HSBC Holdings, plc.",HBC,188804.6
60,Toyota Motor Corporation,TM,187196.4
61,JOHNSON & JOHNSON,JNJ,179515.8
62,Bank of America Corporation,BAC,176906.2
63,"American International Group, Inc.",AIG,169908.5
64,"TotalFinaElf, S.A.",TOT,169852.6
65,Novartis AG,NVS,151092.7
66,Altria Group,MO,150638.6
67,GLAXOSMITHKLINE PLC,GSK,149062.8
68,Mitsubishi UFJ Financial Group Inc,MTU,146421.9
69,J.P. Morgan Chase & Co.,JPM,138596.3
70,ROYAL DUTCH SHELL PLC,RDS/A,133773.4
71,ChevronTexaco Corporation,CVX,133307.1
72,Sanofi-Aventis SA,SNY,128920.2
73,Vodafone AirTouch Public Limited Company,VOD,128885.4
74,Intel Corporation,INTC,128146.4
75,International Business Machines Corporation,IBM,127641
76,ENI S.p.A.,E,121462.5
77,"Cisco Systems, Inc.",CSCO,114067.1
78,Berkshire Hathaway Inc.,BRK/A,112846.9
79,UBS AG,UBS,110546.6
80,Wells Fargo Cap IX,WFC,104281.1
81,AT&T Inc.,T,101549.8
82,ROYAL DUTCH SHELL PLC,RDS/B,99061
83,Coca-Cola Company (The),KO,98450.1
84,China Mobile (Hong Kong) Ltd.,CHL,97501.2
85,"Pepsico, Inc.",PEP,94976
86,Verizon Communications Inc.,VZ,92763.8
87,CONOCOPHILLIPS,COP,92112.7
88,"Genentech, Inc.",DNA,90603.7
89,Amgen Inc.,AMGN,89969.6
90,"Banco Santander Central Hispano, S.A.",STD,89248.8
91,Hewlett-Packard Company,HPQ,87958.6
92,Google Inc.,GOOG,86317
93,"Home Depot, Inc. (The)",HD,86139.8
94,Wachovia Corporation,WB,85370.3
95,Siemens AG,SI,81605.6
96,Nokia Corporation,NOK,81494.8
97,UnitedHealth Group Incorporated,UNH,81108.3
98,Time Warner Inc.,TWX,80206.1
99,QUALCOMM Incorporated,QCOM,78855.3
100,"ING Group, N.V.",ING,78822.7
101,NTT Docomo Inc,DCM,77676.5
102,E.ON AG,EON,77504.8
103,ASTRAZENECA PLC,AZN,76838.5
104,"Merck & Company, Inc.",MRK,75438.8
105,Schlumberger N.V.,SLB,75079.3
106,Telefonica SA,TEF,75014.4
107,Mobile TeleSystems,MBT,74709.9
108,Nippon Telegraph and Telephone Corporation,NTT,73164.2
109,BHP Billiton Limited,BHP,70814.2
110,CREDIT SUISSE GROUP,CSR,70042.9
111,Barclays PLC,BCS,69336.3
112,Dell Inc.,DELL,68981.7
113,"Merrill Lynch & Co., Inc.",MER,68778.1
114,Banco Bilbao Viscaya Argentaria S.A.,BBV,68630.8
115,"Medtronic, Inc.",MDT,68305.8
116,Abbott Laboratories,ABT,66935.5
117,Deutsche Telekom AG,DT,66534.4
118,American Express Company,AXP,65090.5
119,Morgan Stanley,MS,64994.3
120,"SAP Aktiengesellschaft Systeme, Anwendungen, Produkte",SAP,64993.5
121,Sprint Nextel Corporation,S,64848.1
122,Oracle Corporation,ORCL,64758.4
123,Eli Lilly and Company,LLY,64355.9
124,Allianz Aktiengesellschaft,AZ,64122
125,"Goldman Sachs Group, Inc. (The)",GS,63675.4
126,"Apple Computer, Inc.",AAPL,63637.4
127,AXA,AXA,63391.3
128,American Home Products Corporation,WYE,62079.5
129,STATOIL ASA,STO,60629.6
130,eBay Inc.,EBAY,60269.7
131,Petroleo Brasileiro S.A.- Petrobras,PBR,59929
132,United Technologies Corporation,UTX,59458.8
133,France Telecom S.A.,FTE,59248.6
134,Anglo American plc,AAUK,58155.3
135,DAIMLERCHRYSLER AG,DCX,58055.1
136,Deutsche Bank AG,DB,58039.1
137,LM Ericsson Telephone Company,ERICY,57762.4
138,"Motorola, Inc.",MOT,56566
139,Federal National Mortgage Association,FNM,56080.4
140,Boeing Company (The),BA,55144.3
141,3M Company,MMM,54892.6
142,SPDR Trust Series I,SPY,54770.6
143,Rio Tinto Plc,RTP,54672.7
144,U.S. Bancorp,USB,54326.9
145,"Canon, Inc.",CAJ,53520.1
146,Taiwan Semiconductor Manufacturing Company Limited,TSM,53411.1
147,"Matsushita Electric Industrial Company, Ltd.",MC,53403
148,"Tyco International, Ltd.",TYC,52988
149,ABN Amro Holding N.V.,ABN,52842.5
150,"Honda Motor Company, Ltd.",HMC,52826.8
151,ENEL S.p.A.,EN,52286.6
152,Structured Products Corp.,,BLS
153,LLOYDS TSB GROUP PLC,,LYG
154,"Nissan Motor Co., Ltd.",,NSANY
155,Royal Bank Of Canada,,RY
156,"Lowe's Companies, Inc.",,LOW
157,Sony Corporation,,SNE
158,Yahoo! Inc.,,YHOO
159,Walt Disney Company (The),,DIS
160,Manulife Financial Corp,,MFC
161,Target Corporation,,TGT
162,Telefonica Moviles S.A.,,TEM
163,British American Tobacco,"Industries, p.l.c.",BTI
164,"United Parcel Service, Inc.",,UPS
165,WellPoint Health Networks Inc.,,WLP
166,Texas Instruments Incorporated,,TXN
167,SUEZ ADS,,SZE
168,Federal Home Loan Mortgage Corporation,,FRE
169,BHP BILLITON PLC,,BBL
170,"Caterpillar, Inc.",,CAT
171,Lehman ABS Corporation,,BMY
172,"Koninklijke Philips Electronics, N.V.",,PHG
173,McDonald's Corporation,,MCD
174,Walgreen Company,,WAG
175,Diageo plc,,DEO
176,Encana Corporation,,ECA
177,Brown-Forman Corporation,,BF
178,"America Movil, S.A. de C.V.",,AMX
179,"Washington Mutual, Inc.",,WM
180,National Australia Bank Limited,,NAB
181,Halliburton Company,,HAL
182,Dow Chemical Company (The),,DOW
183,Unilever NV,,UN
184,BG Group plc,,BRG
185,PETROLEO BRASILEIRO SA PETRO,,PBR/A
186,Occidental Petroleum Corporation,,OXY
187,ALCON INC,,ACL
188,Bank of Nova Scotia (The),,BNS
189,Valero Energy Corporation,,VLO
190,Cia Vale do Rio Doce,,RIO
191,Nomura Holdings Inc ADR,,NMR
192,EXELON CORP,,EXC
193,Prudential Financial Inc,,PRU
194,"MetLife, Inc.",,MET
195,Toronto Dominion Bank (The),,TD
196,Comcast Corporation,,CMCSA
197,Lehman Brothers Fin SA,,LEH
198,Telecom Italia S.P.A.,,TI
199,Corning Incorporated,,GLW
200,Suncor Energy Inc.,,SU
201,Vivendi Universal,,V
202,E.I. du Pont de Nemours and Company,,DD
203,CNOOC Limited,CEO,35344
204,Australia & New Zealand Banking Group Limited,ANZ,34934.7
205,News Corporation Limited (The),NWS/A,34905.9
206,First Data Corporation,FDC,34397.8
207,Millea Holdings Inc. ADR,MLEA,34316.4
208,Burlington Resources Inc.,BR,34255.4
209,Allstate Corporation (The),ALL,33761.8
210,Canadian Natural Resources Limited,CNQ,33253.6
211,Repsol YPF S.A.,REP,33219.7
212,Carnival Corporation,CCL,32977.2
213,Westpac Banking Corporation,WBK,32532
214,Honeywell International Inc.,HON,32378.8
215,"Anheuser-Busch Companies, Inc.",BUD,32171.3
216,EMC Corporation,EMC,31947.6
217,Norsk Hydro ASA,NHY,31908.3
218,Emerson Electric Company,EMR,31846.3
219,"St. Paul Companies, Inc. (The)",STA,31423.4
220,"Applied Materials, Inc.",AMAT,30908.4
221,BT GROUP PLC,BT,30852
222,"Cardinal Health, Inc.",CAH,30849.6
223,FedEx Corporation,FDX,30737.7
224,Bayer Aktiengesellschaft,BAY,30535.6
225,Unilever PLC,UL,30423.3
226,Devon Energy Corporation,DVN,30305.7
227,Endesa S.A.,ELE,30238
228,Bank Of Montreal,BMO,30003.4
229,Burlington Northern Santa Fe Corporation,BNI,29772.6
230,GROUPE DANONE,DA,29673.6
231,"Viacom, Inc.",VIA/B,29325.1
232,Lockheed Martin Corporation,LMT,29218
233,Korea Electric Power Corporation,KEP,29152.8
234,Colgate-Palmolive Company,CL,28436
235,Schering-Plough Corp,SGP,28322.9
236,Marathon Oil Corporation,MRO,28171.2
237,"National Grid Transco, PLC",NGG,27995.4
238,"Gilead Sciences, Inc.",GILD,27873.5
239,Sasol Ltd.,SSL,27699
240,Aetna Inc.,AET,27685.9
241,Alcoa Inc.,AA,27413.5
242,Teva Pharmaceutical Industries Limited,TEVA,26839.8
243,Kookmin Bank,KB,26822.9
244,Transocean Inc.,RIG,26786.2
245,Kimberly-Clark Corporation,KMB,26685.8
246,Baker Hughes Incorporated,BHI,26472.4
247,Duke Energy Corporation,DUK,26296.5
248,"Dominion Resources, Inc.",D,26229.8
249,"SunTrust Banks, Inc.",STI,25863.8
250,Southern Company (The),SO,25821.6
251,AEGON N.V.,AEG,25807.5
252,Sanpaolo IMI S.p.A.,IMI,25796.2
253,Newmont Mining Corporation (Holding Company),NEM,25644.8
254,"Franklin Resources, Inc.",BEN,25427.2
255,Anadarko Petroleum Corporation,APC,25351.2
256,"Automatic Data Processing, Inc.",ADP,25335.8
257,Apache Corporation,APA,24871.6
258,"Best Buy Co., Inc.",BBY,24819.7
259,"Hartford Financial Services Group, Inc. (The)",HIG,24700.2
260,Petro-Canada,PCZ,24691.3
261,Sun Life Financial Incorporated,SLF,24611.1
262,Guidant Corporation,GDT,24570.3
263,Prudential Public Limited Company,PUK,24556.4
264,Berkshire Hathaway Inc.,BRK/B,24543.8
265,Cemex Sa De Cv A Ads,CX,24503.7
266,"Bank of New York Company, Inc. (The)",BK,24490.9
267,Starbucks Corporation,SBUX,24372.7
268,TXU Corporation,TXU,24313.7
269,Canadian National Railway Company,CNI,24258
270,Adobe Systems Incorporated,ADBE,23749.9
271,"Hitachi, Ltd.",HIT,23745.3
272,Illinois Tool Works Inc.,ITW,23643.6
273,Costco Wholesale Corporation,COST,23553
274,AFLAC Incorporated,AFL,23492.3
275,Union Pacific Corporation,UNP,23436.6
276,Canadian Imperial Bank of Commerce,BCM,23399.1
277,SLM Corporation,SLM,23352.8
278,THOMSON CORP,TOC,23307.7
279,Orix Corp Ads,IX,23302.3
280,General Dynamics Corporation,GD,23293.2
281,ALLTEL Corporation,AT,22988.2
282,Baxter International Inc.,BAX,22980.5
283,"Mitsui & Company, Ltd.",MITSY,22873.5
284,Monsanto Company,MON,22791.9
285,ABB LTD,ABB,22680.2
286,CVS Corporation,CVS,22602.1
287,"BCE, Inc.",BCE,22450.4
288,Liberty Media Corporation,L,22417.5
289,Talisman Energy Inc.,TLM,22316.3
290,Capital One Financial Corporation,COF,22208.7
291,"Caremark Rx, Inc.",CMX,22173.5
292,Comcast Corporation,CMCSK,22160.5
293,Northrop Grumman Corporation,NOC,22074.9
294,Golden West Financial Corporation,GDW,21753.9
295,NASDAQ-100 Index Tracking Stock,QQQQ,21672
296,Norfolk Souther Corporation,NSC,21296.6
297,BB&T Corporation,BBT,21202.7
298,National City Corporation,NCC,21166.7
299,YPF Sociedad Anonima,YPF,21107.7
300,PetroChina Company Limited,PTR,21103.1
301,Wipro Limited,WIT,21061.6
302,Imperial Tobacco Group plc,ITY,21029.1
303,iShares MSCI EAFE Index Fund,EFA,20994.2
304,Royal KPN N.V.,KPN,20932.7
305,Fifth Third Bancorp,FITB,20845.9
306,Vivendi Environnement Ord,VE,20752.9
307,"Cadbury Schweppes, PLC",CSG,20750.4
308,Progressive Corporation (The),PGR,20724.4
309,Infosys Technologies Limited,INFY,20622.9
310,Archer-Daniels-Midland Company,ADM,20575.1
311,HCA Inc.,HCA,20490.9
312,"EOG Resources, Inc.",EOG,20423.3
313,Stryker Corporation,SYK,20208.9
314,"Pohang Iron & Steel Co., Ltd.",PKX,20014.6
315,Structured Products Inc 8% CorTS,CFC,19995.2
316,State Street Corp,STT,19993.5
317,Symantec Corporation,SYMC,19877.5
318,Broadcom Corporation,BRCM,19873.2
319,"Allied Irish Banks, p.l.c.",AIB,19601.5
320,Banco Bradesco Sa,BBD,19568.2
321,"Marvell Technology Group, Ltd.",MRVL,19450
322,Sears Holdings Corporation,SHLD,19438.1
323,The DirecTV Group Inc,DTV,19236.2
324,Tenaris S.A.,TS,19177.9
325,Accenture Ltd.,ACN,19174.7
326,ALCATEL,ALA,19137.1
327,"McGraw-Hill Companies, Inc. (The)",MHP,19134.9
328,Charles Schwab Corporation (The),SCHW,19071.1
329,Scottish Power pls,SPI,19060
330,Sysco Corporation,SYY,19030.8
331,PNC Bank Corp.,PNC,19004
332,SWISSCOM AG,SCM,18893.7
333,Chubb Corporation (The),CB,18860.6
334,"Advanced Micro Devices, Inc.",AMD,18794.2
335,Moody's Corporation,MCO,18704.7
336,"Simon Property Group, Inc.",SPG,18608.3
337,"Amazon.com, Inc.",AMZN,18576.7
338,Lafarge S.A.,LR,18499.5
339,CBS Corporation,CBS,18473.1
340,COMPANHIA VALE DO RIO DOCE,RIO^,18450
341,Telstra Corporation Limited,TLS,18399
342,Loews Corporation,LTR,18331.4
343,Genzyme General,GENZ,18318.6
344,Raytheon Company,RTN,18302.2
345,Telenor ASA,TELN,18202.6
346,Las Vegas Sands Corp.,LVS,18186.2
347,"Federated Department Stores, Inc.",FD,18137.8
348,"ALCAN, Inc.",AL,18086
349,"St. Jude Medical, Inc.",STJ,18007.7
350,Chunghwa Telecom Co Ltd,CHT,17964.1
351,Boston Scientific Corporation,BSX,17941.1
352,"Fuji Photo Film Co., Ltd.",FUJIY,17842.1
353,XTO Energy Inc.,XTO,17825.7
354,Kellogg Company,K,17770.7
355,Ace Limited,ACE,17647.5
356,"Waste Management, Inc.",WMI,17427
357,"Staples, Inc.",SPLS,17341.3
358,"General Mills, Inc.",GIS,17314
359,Danaher Corporation,DHR,17307.5
360,"SK Telecom Corporation, Ltd.",SKM,17203.4
361,Cendant Corporation,CD,17148.1
362,"Zimmer Holdings, Inc.",ZMH,17085.8
363,News Corporation Limited (The),NWS,17029.2
364,CRH PLC,CRHCY,16989.9
365,"Praxair, Inc.",PX,16979
366,Weyerhaeuser Company,WY,16968.3
367,Kyocera Corporation,KYO,16911.7
368,Deere & Company,DE,16871.9
369,Novo Nordisk A/S,NVO,16796.1
370,STMicroelectronics N.V.,STM,16728.7
371,Governor and Company of the Bank of Ireland (The),IRE,16711.5
372,Public Service Enterprise Group Incorporated,PEG,16659.8
373,MedcoHealth Solutions Inc,MHS,16638.8
374,"Marsh & McLennan Companies, Inc.",MMC,16553.4
375,Telefonos de Mexico SA de CV Ser A Spons ADR,TMX,16549
376,FirstEnergy Corporation,FE,16524.8
377,"FPL Group, Inc.",FPL,16500.7
378,Electronic Arts Inc.,ERTS,16405.6
379,LG.PHILIPS,LPL,16352.2
380,PUBLIC SVC ELEC & GAS CO,PEG^A,16351.7
381,McKesson Corporation,MCK,16306.6
382,Phelps Dodge Corporation,PD,16298.8
383,AngloGold Ashanti Ltd.,AU,16214.7
384,"Becton, Dickinson and Company",BDX,16088.8
385,Banco Itau Holding Financeira SA (Holding Co),ITU,16046.5
386,International Paper Company,IP,16005
387,"British Sky Broadcasting Group, plc",BSY,15955.3
388,Woori Finance Holdings Co Ltd,WF,15894.7
389,"Computer Associates International, Inc.",CA,15857.2
390,"Clear Channel Communications, Inc.",CCU,15821.1
391,"Gap, Inc. (The)",GPS,15731.5
392,"Nike, Inc.",NKE,15671.2
393,"Forest Laboratories, Inc.",FRX,15633.1
394,"Allergan, Inc.",AGN,15627.3
395,"Weatherford International, Inc.",WFT,15567.1
396,Natl Bk Greece Ads,NBG,15552.6
397,"Sun Microsystems, Inc.",SUNW,15364.1
398,Ford Motor Credit Company,F,15330.4
399,Kohl's Corporation,KSS,15303.6
400,Shinhan Financial Group Co Ltd,SHG,15300.5
401,CIGNA Corporation,CI,15294.8
402,"Transcananda Pipelines, Ltd.",TRP,15226.1
403,Biogen Idec Inc,BIIB,15188.6
404,Regions Financing Tr I,RF,15141.6
405,"TPG, N.V.",TP,15073.6
406,"Nexen, Inc.",NXY,14979.7
407,REYNOLDS AMERICAN INC,RAI,14907.3
408,"Gannett Co., Inc.",GCI,14825.3
409,"Legg Mason, Inc.",LM,14787.5
410,Kraft Foods Inc.,KFT,14764.6
411,Omnicom Group Inc.,OMC,14747.6
412,Mellon Financial Corporation,MEL,14747.3
413,"Harley-Davidson, Inc.",HDI,14700.2
414,"American Electric Power Company, Inc.",AEP,14692.3
415,Chicago Mercantile Exchange Holdings,CME,14591.5
416,"Analog Devices, Inc.",ADI,14588.9
417,"Agilent Technologies, Inc.",A,14539.3
418,Entergy Corporation,ETR,14421.9
419,Amerada Hess Corporation,AHC,14401.8
420,KeyCorp,KEY,14390.4
421,WOLSELEY PLC,WOS,14377.9
422,"Bear Stearns Companies, Inc (The)",BSC,14329.7
423,Santa Fe International Corporation,GSF,14327.4
424,TELECOM ITALIA S P A NEW,TI/A,14294
425,Edison International,EIX,14277
426,"Williams Companies, Inc. (The)",WMB,14042.8
427,AB Volvo,VOLVY,14026.3
428,"Yum! Brands, Inc.",YUM,14003.1
429,Pacific Gas & Electric Co.,PCG,13982.1
430,ICICI Bank Limited,IBN,13970.8
431,"P.T. Telekomunikasi Indonesia, Tbk.",TLK,13950.7
432,Marriot International,MAR,13885.8
433,Sara Lee Corporation,SLE,13884.4
434,Akzo Nobel N.V.,AKZOY,13852.4
435,Cameco Corporation,CCJ,13797.5
436,"Paychex, Inc.",PAYX,13776.2
437,"Air Products and Chemicals, Inc.",APD,13711.4
438,"Coach, Inc.",COH,13663.4
439,General Motors Corporation,GM,13606.4
440,Syngenta AG,SYT,13583.2
441,"Harrah's Entertainment, Inc.",HET,13526.1
442,"Entergy Mississippi, Inc.",EMQ,13483.8
443,iShares S&P 500 Index Fund,IVV,13458.5
444,"Maxim Integrated Products, Inc.",MXIM,13453.5
445,"Johnson Controls, Inc.",JCI,13446.4
446,BOC Group plc (The),BOX,13415.2
447,Kroger Company (The),KR,13348.9
448,"Starwood Hotels & Resorts Worldwide, Inc.",HOT,13331.6
449,Xerox Corporation,XRX,13325.3
450,Telkom SA Ltd,TKG,13317.1
451,"Express Scripts, Inc.",ESRX,13294.9
452,Schering Aktiengesellschaft,SHR,13279.4
453,"National-Oilwell, Inc.",NOV,13259.1
454,Southwest Airlines Company,LUV,13233.8
455,Principal Financial Group Inc,PFG,13211.9
456,WPP Group plc,WPPGY,13197.1
457,Nidec Corporation (Nihon Densan Kabushiki Kaisha),NJ,13190.4
458,Electronic Data Systems Corporation,EDS,13137.6
459,Peabody Energy Corporation,BTU,13135.3
460,BJ Services Company,BJS,13110.7
461,Nucor Corporation,NUE,13107.8
462,Nortel Networks Corporation,NT,13004.6
463,Ingersoll-Rand Company,IR,12991.9
464,"Avon Products, Inc.",AVP,12981.7
465,United Microelectronics Corporation,UMC,12966.4
466,"Sunoco, Inc.",SUN,12959.1
467,"J.C. Penney Company, Inc. Holding Company",JCP,12959
468,Chesapeake Energy Corporation,CHK,12957.8
469,Turkcell Iletisim Hizmetleri AS,TKC,12924.4
470,Equity Office Properties Trust,EOP,12924.3
471,Research in Motion Limited,RIMM,12903.7
472,Companhia de Bebidas das Americas - AmBev,ABV,12851.9
473,Kerr-McGee Corporation,KMG,12828.6
474,Southern Peru Copper Corporation,PCU,12823.6
475,"Nabors Industries, Inc.",NBR,12795
476,Tennessee Valley Authority,TVE,12757.5
477,American Tower Corporation,AMT,12741.6
478,Seagate Technology Holdings,STX,12682.7
479,Tele Danmark A/S,TLD,12656.3
480,Kubota Corporation,KUB,12626.4
481,"Electricidade de Portugal, S.A.",EDP,12571.7
482,Masco Corporation,MAS,12565.7
483,Genworth Financial Inc,GNW,12509.3
484,NEC Corporation,NIPNY,12501.7
485,ProLogis,PLD,12471.9
486,Vornado Realty Trust,VNO,12415.7
487,SanDisk Corporation,SNDK,12402
488,Campbell Soup Company,CPB,12378.8
489,SEMPRA ENERGY,SRE,12353.1
490,"General Growth Properties, Inc.",GGP,12319.7
491,Advantest Corporation (Kabushiki Kaisha Advantest) ADS,ATE,12261.3
492,"North Fork Bancorporation, Inc.",NFB,12234.5
493,EQUITY RESIDENTIAL,EQR,12221.1
494,Wm. Wrigley Jr. Company,WWY,12221
495,TRANSCANADA CORP,TCA^,12193.2
496,Reed Elsevier PLC,RUK,12157.6
497,M&T Bank Corporation,MTB,12146.9
498,"Kirin Brewery Company, Limited",KNBWY,12084.6
499,TELEKOM AUSTRIA AG,TKA,12075
500,Celgene Corporation,CELG,12067.7
501,International Game Technology,IGT,12040.9
502,"Koninklijke Ahold, N.V.",AHO,12036.7
503,Korea Telecom Corporation,KTC,12026.3
504,"Freeport-McMoRan Copper & Gold, Inc.",FCX,12014.8
505,COMPANHIA DE BEBIDAS DAS AME,ABV/C,11988.5
506,"Luxottica Group, S.p.A.",LUX,11962.3
507,Carnival Plc ADS,CUK,11902.4
508,XL CAPITAL LIMITED,XL,11801.4
509,PACCAR Inc.,PCAR,11782.7
510,"Lucent Technologies, Inc.",LU,11771.8
511,"Portugal Telecom SGPS, S.A .",PT,11769.8
512,"TJX Companies, Inc. (The)",TJX,11761.4
513,"Kinder Morgan, Inc.",KMI,11748.8
514,Rinker Group Limited,RIN,11709.9
515,ROCKWELL AUTOMATION INC,ROK,11709.7
516,"D.R. Horton, Inc.",DHI,11684.2
517,Gold Fields Ltd.,GFI,11632.3
518,CSX Corporation,CSX,11628.8
519,"Network Appliance, Inc.",NTAP,11609.7
520,"Consolidated Edison, Inc.",ED,11515.6
521,PP&L Corporation,PPL,11453.6
522,"Hellenic Telecommunication Organization, S.A.",OTE,11430.6
523,Northern Trust Corporation,NTRS,11394.6
524,"Rogers Communication, Inc.",RG,11374.6
525,H.J. Heinz Company,HNZ,11358.7
526,Linear Technology Corporation,LLTC,11340.3
527,Rohm and Haas Company,ROH,11277.8
528,"Nordstrom, Inc.",JWN,11259.5
529,Placer Dome Incorporated,PDG,11240.3
530,China Netcom Group Corporation (Hong Kong) Limited,CN,11205.7
531,Qwest Communications International Inc.,Q,11197.2
532,iShares MSCI Japan Index Fund,EWJ,11194.6
533,CHINA UNICOM LTD,CHU,11191.1
534,Textron Inc.,TXT,11180.1
535,Aes Trust,AES,11178
536,Bed Bath & Beyond Inc.,BBBY,11105.5
537,ENBRIDGE INC,ENB,11080.4
538,Noble Corporation,NE,11011.9
539,PROGRESS ENERGY INC,PGN,10977.5
540,"Fortune Brands, Inc.",FO,10952.6
541,Aon Corporation,AOC,10950.9
542,ASML Holding N.V.,ASML,10931.1
543,"Diamond Offshore Drilling, Inc.",DO,10922.2
544,Reuters Group PLC,RTRSY,10877.7
545,FIAT S.p.A.,FIA,10791.4
546,"ConAgra Foods, Inc.",CAG,10764.3
547,UPM-Kymmene Oyj,UPM,10737.2
548,United Utilities plc.,UU,10659.9
549,CIT Group Inc (DEL),CIT,10656.1
550,Murphy Oil Corporation,MUR,10575.3
551,MGM MIRAGE,MGM,10549.5
552,Safeway Inc.,SWY,10531.6
553,Reed Elsevier NV,ENL,10516.4
554,Adecco SA,ADO,10480.8
555,FORD MTR CO DEL,F^A,10470
556,"Pearson, Plc",PSO,10453.4
557,"Constellation Energy Group, Inc.",CEG,10406.1
558,Ameren Corporation,AEE,10368.9
559,China Petroleum & Chemical Corporation,SNP,10360.3
560,"Pulte Homes, Inc.",PHM,10313
561,KLA-Tencor Corporation,KLAC,10261.5
562,"Juniper Networks, Inc.",JNPR,10238.7
563,"Office Depot, Inc.",ODP,10238.5
564,"AMERIPRISE FINANCIAL SERVICES, INC.",AMP,10168.4
565,"Gallaher Group, PLC",GLH,10135.2
566,"Whole Foods Market, Inc.",WFMI,10039.5
567,Quest Diagnostics Incorporated,DGX,9989.2
568,"T. Rowe Price Group, Inc.",TROW,9988.7
569,"PPG Industries, Inc.",PPG,9938.1
570,Archstone Communities Trust,ASN,9933.9
571,E*TRADE Financial Corporation,ET,9910.5
572,Marshall & Ilsley Corporation,MI,9872.7
573,Coles Meyer Limited,CM,9867
574,Enterprise Products Partners L.P.,EPD,9851.8
575,"Xilinx, Inc.",XLNX,9814.4
576,Eaton Corporation,ETN,9797.6
577,"Apollo Group, Inc.",APOL,9795.1
578,PITNEY BOWES INC,PBI,9749.7
579,"L-3 Communications Holdings, Inc.",LLL,9733.3
580,Inco Ltd.,N,9717.3
581,TDK Corporation,TDK,9686.9
582,"Coventry Health Care, Inc.",CVH,9678
583,UnionBanCal Corporation,UB,9674.8
584,"Open Joint Stock Company Vimpel-Communications""""",VIP,9599.8
585,AmSouth Bancorporation,ASO,9597.2
586,"Smith International, Inc.",SII,9557.6
587,National Semiconductor Corporation,NSM,9520.5
588,Hilton Hotels Corporation,HLT,9509.6
589,"Limited Brands, Inc.",LTD,9470.3
590,"ITT Industries, Inc.",ITT,9465.2
591,Lincoln National Corporation,LNC,9446.7
592,"Biomet, Inc.",BMET,9417.6
593,"Public Storage, Inc.",PSA,9414.7
594,"Smith & Nephew SNATS, Inc.",SNN,9392.8
595,"Autodesk, Inc.",ADSK,9384.8
596,Computer Sciences Corporation,CSC,9380
597,A.O. Tatneft,TNT,9368.4
598,"Coca-Cola Enterprises, Inc.",CCE,9347.2
599,Potash Corporation of Saskatchewan Inc.,POT,9322.4
600,Dover Corporation,DOV,9308.5
601,Grupo Televisa S.A.,TV,9298.8
602,Goldcorp Incorporated,GG,9292.6
603,"Albertson's, Inc.",ABS,9279.6
604,Intuit Inc.,INTU,9259.6
605,Hershey Foods Corporation,HSY,9248.8
606,Mittal Steel Company NV,MT,9245.6
607,Ecolab Inc.,ECL,9168.2
608,Centex Corporation,CTX,9120
609,Stora Enso Oyj,SEO,9109.4
610,"Micron Technology, Inc.",MU,9084
611,Humana Inc.,HUM,9078.7
612,Parker-Hannifin Corporation,PH,9074.7
613,Comerica Incorporated,CMA,9041.6
614,"Banco Santiago, S.A.",SAN,9041.4
615,Clorox Company (The),CLX,9019.5
616,Tribune Company,TRB,8935.7
617,AU OPTRONICS CORP,AUO,8914.9
618,El Paso Corporation,EP,8875.8
619,"Boston Properties, Inc.",BXP,8805
620,Cinergy Corporation,CIN,8665.5
621,Empresa Nacional de Electricidad S.A.,EOC,8658.3
622,Synovus Financial Corporation,SNV,8650.7
623,iShares MSCI Emerging Index Fund,EEM,8618.1
624,Chiron Corporation,CHIR,8599.1
625,Royal Caribbean Cruises Ltd.,RCL,8586.3
626,MidCap SPDR Trust Series I,MDY,8574.8
627,IAC/InterActiveCorp,IACI,8486.1
628,Mirant Corp,MIR,8400
629,"MedImmune, Inc.",MEDI,8395.5
630,Ryanair Holdings plc,RYAAY,8393
631,Hanson plc.(Holding Company),HAN,8332.9
632,"Jabil Circuit, Inc.",JBL,8298
633,Zions Bancorporation,ZION,8297.4
634,"Expedia, Inc.",EXPE,8259.7
635,IVAX Corporation,IVX,8255.5
636,"MBIA, Inc.",MBI,8252.9
637,iShares Russell 2000 Index Fund,IWM,8251
638,Serono International S.A.,SRA,8227.8
639,Fisher Scientific International Inc.,FSH,8200.1
640,TD Ameritrade Holding Corporation,AMTD,8192.6
641,"Ambac Financial Group, Inc.",ABK,8114.1
642,"Fiserv, Inc.",FISV,8114
643,Noble Energy Inc.,NBL,8096.4
644,CNA Financial Corporation,CNA,8093.6
645,"Rockwell Collins, Inc.",COL,8083.5
646,Ultra Petroleum Corp.,UPL,8060.6
647,"H&R Block, Inc.",HRB,8014
648,"Magna International, Inc.",MGA,8005.6
649,Kimco Realty Corporation,KIM,7975.4
650,Cincinnati Financial Corporation,CINF,7956.2
651,"Varian Medical Systems, Inc.",VAR,7937.8
652,Hutchison Telecommunications International Limited,HTX,7936.7
653,ENERSIS S A,ENI,7914.6
654,Companhia Siderurgica Nacional S.A.,SID,7890
655,Microchip Technology Incorporated,MCHP,7883.9
656,"Chico's FAS, Inc.",CHS,7883.3
657,Shire plc,SHPGY,7863.2
658,"Expeditors International of Washington, Inc.",EXPD,7841.6
659,ENSCO International Incorporated,ESV,7834.9
660,Lennar Corporation,LEN,7827.5
661,Asco Plc Ads,AAA,7827.3
662,Xcel Energy Inc.,XEL,7824.1
663,Jefferson-Pilot Corporation,JP,7818.1
664,Laboratory Corporation of America Holdings,LH,7795.8
665,Telecomunicacoes de Sao Paulo S.A.,TSP,7789.9
666,"Sovereign Bancorp, Inc.",SOV,7786
667,Imperial Chemical Industries Plc,ICI,7774.5
668,NVIDIA Corporation,NVDA,7696.1
669,"Kinder Morgan Energy Partners, L.P.",KMP,7686.9
670,DIAMONDS Trust Series I,DIA,7644
671,Fluor Corporation,FLR,7636.3
672,Canadian Pacific Railway Limited,CP,7630.4
673,Telecom Corporation of New Zealand Limited,NZT,7614.4
674,China Life Insurance Company Limited,LFC,7614.2
675,Univision Communications Inc.,UVN,7574.4
676,"American Standard Companies, Inc.",ASD,7564.9
677,Sirius Satellite Radio Inc.,SIRI,7549.5
678,DTE Energy Company,DTE,7504.3
679,"AutoZone, Inc.",AZO,7500
680,Amvescap Plc,AVZ,7492.9
681,"Cooper Industries, Ltd.",CBE,7481.1
682,"NII Holdings, Inc.",NIHD,7471
683,Publicis Groupe S.A.,PUB,7470.4
684,Fresenius Medical Care Corporation,FMS,7424.2
685,"Hudson City Bancorp, Inc.",HCBK,7422.5
686,Genuine Parts Company,GPC,7379.9
687,"Affiliated Computer Services, Inc.",ACS,7367.1
688,KB HOME,KBH,7364.4
689,Harmony Gold Mining Co. Ltd.,HMY,7343.2
690,"AvalonBay Communities, Inc.",AVB,7328
691,Vulcan Materials Company,VMC,7319.8
692,International Power Plc,IPR,7263.9
693,Sherwin-Williams Company (The),SHW,7242.3
694,Cognizant Technology Solutions Corporation,CTSH,7237.9
695,"Harman International Industries, Incorporated",HAR,7234.8
696,COCA COLA HELLENIC BOTTLING CO,CCH,7220.8
697,Eastman Kodak Company,EK,7209.3
698,Southwestern Energy Company,SWN,7207.1
699,iShares Dow Jones Select Dividend Index Fund,DVY,7199.6
700,HOSPIRA INC,HSP,7198.2
701,SODEXHO ALLIANCE SA,SDX,7188
702,Cintas Corporation,CTAS,7155.1
703,"Barr Pharmaceuticals, Inc.",BRL,7056
704,Host Marriott Financial Trust,HMT,7051.5
705,INFINEON TECHNOLOGIES AG,IFX,7049.5
706,R.R. Donnelley & Sons Company,RRD,7025.3
707,Altera Corporation,ALTR,6999.2
708,Brookfield Properties Corporation,BPO,6984.9
709,"Pepsi Bottling Group, Inc. (The)",PBG,6975.3
710,Questar Corporation,STR,6948.6
711,"C.H. Robinson Worldwide, Inc.",CHRW,6918.6
712,Pixar,PIXR,6870.2
713,CPFL Energia S.A.,CPL,6852.5
714,"Wendy's International, Inc.",WEN,6852.4
715,"Fidelity National Financial, Inc.",FNF,6849.1
716,Pioneer Natural Resources Company,PXD,6825
717,NCR Corporation,NCR,6820.7
718,FREESCALE SEMICONDUCTOR INC,FSL/B,6817
719,"Plum Creek Timber Company, Inc.",PCL,6798.9
720,"Dassault Systemes, S.A.",DASTY,6792.2
721,"Elan Corporation, plc",ELN,6782.7
722,USX Corporation,X,6774.7
723,Black & Decker Corporation (The),BDK,6766.9
724,Crown Castle International Corporation,CCI,6750.9
725,CONSOL Energy Inc.,CNX,6745.1
726,ALUMINA LTD,AWC,6738.9
727,Garmin Ltd.,GRMN,6714.8
728,Newfield Exploration Company,NFX,6667.1
729,Intercontinental Hotels Group,IHG,6664.3
730,"Mattel, Inc.",MAT,6663
731,"C.R. Bard, Inc.",BCR,6650.7
732,Precision Castparts Corporation,PCP,6633.4
733,"Scientific-Atlanta, Inc.",SFA,6597.2
734,Technip,TKP,6584.3
735,Bunge Limited,BG,6577.7
736,British Airways plc,BAB,6576.1
737,Telus Corporation,TU,6575
738,Joy Global Inc.,JOYG,6566.6
739,Royal & SunAlliance Insurance Group PLC,RSA,6564.3
740,"Etablissements Delhaize Freres et Cie Le Lion"" S.A.""",DEG,6536
741,Newell Rubbermaid Inc.,NWL,6512.8
742,"Patterson-UTI Energy, Inc.",PTEN,6500.8
743,Amdocs Limited,DOX,6483.2
744,SAFECO Corporation,SAFC,6454.8
745,"Grant Prideco, Inc.",GRP,6440.2
746,"Wynn Resorts, Limited",WYNN,6427.2
747,UST Inc.,UST,6369.4
748,"W.W. Grainger, Inc.",GWW,6363.6
749,Satyam Computer Services Limited,SAY,6338.1
750,Gerdau S.A.,GGB,6336.3
751,Lam Research Corporation,LRCX,6314.2
752,W.R. Berkley Corporation,BER,6295.2
753,KeySpan Corporation,KSE,6263
754,Philippine Long Distance Telephone Company,PHI,6255.8
755,Enerplus Resources Fund,ERF,6239
756,Harris Corporation,HRS,6222.9
757,Robert Half International Inc.,RHI,6221.3
758,HDFC Bank Limited,HDB,6185.3
759,V.F. Corporation,VFC,6168.1
760,"Darden Restaurants, Inc.",DRI,6146.5
761,Air France ADS,AKH,6144.6
762,"Suntech Power Holdings Co., LTD.",STP,6139.7
763,E.W. Scripps Company (The),SSP,6135.5
764,"America Movil, S.A. de C.V.",AMOV,6112.4
765,"VeriSign, Inc.",VRSN,6087.5
766,"Compass Bancshares, Inc.",CBSS,6067.6
767,UnumProvident Corporation,UNM,6058.7
768,Tata Motors Ltd,TTM,6042.5
769,Sepracor Inc.,SEPR,6037.1
770,"Assurant, Inc.",AIZ,6010.8
771,Washington Post Company (The),WPO,6008.5
772,"MEMC Electronic Materials, Inc.",WFR,6001.6
773,Flextronics International Ltd.,FLEX,5999.6
774,MGIC Investment Corporation,MTG,5989.2
775,"Everest Re Group, Ltd.",RE,5979.3
776,Avery Dennison Corporation,AVY,5956.1
777,"Omnicare, Inc.",OCR,5955.9
778,Lyondell Chemical Company,LYO,5931.7
779,Mosaic Company (The),MOS,5930.1
780,"AutoNation, Inc.",AN,5848.7
781,EchoStar Communications Corporation,DISH,5839.2
782,Torchmark Corporation,TMK,5821.9
783,Abercrombie & Fitch Company,ANF,5818
784,XM Satellite Radio Holdings Inc.,XMSR,5817.4
785,"Commerce Bancorp, Inc.",CBH,5806.9
786,"Santos, Ltd.",STOSY,5792.8
787,Fastenal Company,FAST,5762.7
788,"Mohawk Industries, Inc.",MHK,5739.9
789,"Tellabs, Inc.",TLAB,5735.7
790,Telewest Global Inc,TLWT,5729.7
791,"White Mountains Insurance Group, Ltd.",WTM,5721.5
792,"Pride International, Inc.",PDE,5717.9
793,IMS Health Incorporated,RX,5699.7
794,Leucadia National Corporation,LUK,5671.2
795,"Allegheny Energy, Inc.",AYE,5665.7
796,Health Net Inc.,HNT,5653.2
797,Formento Economico Mexicano S.A. de C.V.,FMX,5643.5
798,"Lexmark International, Inc.",LXK,5636.5
799,iShares Russell 1000 Value Index Fund,IWD,5619.2
800,THOMSON multimedia S.A.,TMS,5616.5
801,"Arch Coal, Inc.",ACI,5597.7
802,Northern Indiana Public Service Company,NI,5596.9
803,"CBOT Holdings, Inc.",BOT,5592.3
804,DaVita Inc.,DVA,5568.1
805,Cablevision Systems Corporation,CVC,5521.4
806,CORUS GROUP PLC,CGA,5514.7
807,"Comverse Technology, Inc.",CMVT,5513.6
808,Cooper Cameron Corporation,CAM,5488.6
809,Iron Mountain Incorporated,IRM,5466.1
810,Willis Group Holdings Limited,WSH,5463.4
811,Thermo Electron Corporation,TMO,5458
812,Whirlpool Corporation,WHR,5443.2
813,"Citrix Systems, Inc.",CTXS,5438.6
814,"Popular, Inc.",BPOP,5431.4
815,NTL Incorporated,NTLI,5387
816,Tiffany & Co.,TIF,5362.6
817,Developers Diversified Realty Corporation,DDR,5362.5
818,Dollar General Corporation,DG,5351
819,Vanguard Total Stock Market VIPERs,VTI,5344.6
820,Applera Corporation,ABI,5325.5
821,Huntington Bancshares Incorporated,HBAN,5294.2
822,China Telecom Corp Ltd,CHA,5280.4
823,"Constellation Brands, Inc.",STZ,5275.2
824,Toll Brothers Inc.,TOL,5272.8
825,Temple-Inland Inc.,TIN,5263.7
826,Check Point Software Technologies Ltd.,CHKP,5261.6
827,"Republic Services, Inc.",RSG,5250.5
828,"Nextel Partners, Inc.",NXTP,5206.2
829,"Red Hat, Inc.",RHAT,5108.7
830,Dean Foods Company,DF,5105.4
831,Allegheny Technologies Incorporated,ATI,5091.7
832,"Rexam, Plc",REXMY,5083.2
833,Macerich Company (The),MAC,5079.1
834,"Getty Images, Inc.",GYI,5068.2
835,"Health Management Associates, Inc.",HMA,5065.1
836,"Monster Worldwide, Inc.",MNST,5033
837,Shaw Communications Inc.,SJR,5024
838,"Cadence Design Systems, Inc.",CDNS,5010.3
839,Tesoro Petroleum Corporation,TSO,5000.4
840,"Equifax, Inc.",EFX,4976.5
841,JDS Uniphase Corporation,JDSU,4974
842,Avaya Inc.,AV,4964
843,Alliance Capital Management Holding L.P.,AC,4937.3
844,Old Republic International Corporation,ORI,4924.4
845,"Liberty Global, Inc.",LBTYA,4917.5
846,"Rowan Companies, Inc.",RDC,4903.4
847,Duke Realty Corporation,DRE,4886.8
848,"Intuitive Surgical, Inc.",ISRG,4869.4
849,BANCO DE CHILE,BCH,4862
850,Embraer-Empresa Brasileira de Aeronautica,ERJ,4859.9
851,Wisconsin Energy Corporation,WEC,4855.9
852,Jacobs Engineering Group Inc.,JEC,4851.5
853,Weight Watchers International Inc,WTW,4847.7
854,Meadwestvaco Corporation,MWV,4841.6
855,Goodrich Corporation (The),GR,4839.2
856,Engelhard Corporation,EC,4832.3
857,Matav,MTA,4811.5
858,Dun & Bradstreet Corporation (The),DNB,4798.6
859,"Liberty Global, Inc.",LBTYK,4798.4
860,"BMC Software, Inc.",BMC,4780.2
861,iShares Russell 1000 Growth Index Fund,IWF,4778.8
862,St. Joe Company (The),JOE,4778.2
863,"Sanyo Electric Co., Ltd.",SANYY,4774.5
864,First Tennessee National Corporation,FHN,4771.7
865,Huntsman Corporation,HUN,4766.2
866,Patterson Companies Inc.,PDCO,4762.4
867,Radian Group Inc.,RDN,4751.6
868,Ashland Inc.,ASH,4747
869,Western Digital Corporation,WDC,4715.2
870,ADVANCE AUTO PARTS INC,AAP,4713.3
871,CheckFree Corporation,CKFR,4701.9
872,Manpower Inc,MAN,4701.2
873,Mercantile Bankshares Corporation,MRBK,4672.6
874,"Amylin Pharmaceuticals, Inc.",AMLN,4670.6
875,Waters Corporation,WAT,4642.7
876,Metso Corporation,MX,4642
877,Tele Norte Leste Participacoes S.A.,TNE,4639.3
878,Brown-Forman Corporation,BF/B,4633.6
879,"Estee Lauder Companies, Inc. (The)",EL,4631.1
880,American Power Conversion Corporation,APCC,4628.9
881,CB Richard Ellis Group Inc,CBG,4621.6
882,Hormel Foods Corporation,HRL,4620.6
883,Associated Banc-Corp,ASBC,4618.1
884,"New York Community Bancorp, Inc.",NYB,4602.4
885,SCANA Corporation,SCG,4598.8
886,"Williams-Sonoma, Inc.",WSM,4591.4
887,"Knight-Ridder, Inc.",KRI,4585.6
888,Sealed Air Corporation,SEE,4580.4
889,"BEA Systems, Inc.",BEAS,4578.5
890,"Station Casinos, Inc.",STN,4578.5
891,Cummins Inc.,CMI,4556.1
892,Amcor Limited,AMCR,4554.4
893,"King Pharmaceuticals, Inc.",KG,4533.6
894,"Leggett & Platt, Incorporated",LEG,4529.3
895,Amphenol Corporation,APH,4517.7
896,Stilwell Financial Inc.,JNS,4505.9
897,"Michaels Stores, Inc.",MIK,4495.6
898,"Urban Outfitters, Inc.",URBN,4490.7
899,ATI Technologies Inc.,ATYT,4488.3
900,First American Corporation (The),FAF,4488.2
901,Axis Capital Holdings Limited,AXS,4485.1
902,CDW Corporation,CDWC,4472.7
903,"Circuit City Stores, Inc.",CC,4463
904,AMB Property Corporation,AMB,4460.8
905,"Equitable Resources, Inc.",EQT,4460.2
906,Trend Micro Incorporated,TMIC,4459.8
907,IPSCO Inc.,IPS,4448.8
908,Salesforce.com Inc,CRM,4445.7
909,Lafarge Corporation,LAF,4420.4
910,"NVR, Inc.",NVR,4411
911,Pacific Century CyberWorks Limited,PCW,4410.3
912,"Ciba Specialty Chemicals Holding, Inc.",CSB,4406.3
913,Student Loan Corporation (The),STU,4380
914,Regency Centers Corporation,REG,4374.4
915,Sigma-Aldrich Corporation,SIAL,4362.5
916,"CenturyTel, Inc.",CTL,4362.1
917,Potomac Electric Power Company,POM,4360.7
918,SuperValu Inc.,SVU,4352.7
919,"Interpublic Group of Companies, Inc. (The)",IPG,4348.3
920,People's Bank,PBCT,4346.1
921,MDU RES GROUP INC,MDU,4339.1
922,Comp En De Mn Cemig ADS,CIG,4332.1
923,Tomkins PLC,TKS,4254.5
924,"Mylan Laboratories, Inc.",MYL,4241.6
925,USG Corporation,USG,4237.4
926,iShares Lehman 1-3 Year Treasury Bond Fund,SHY,4232.3
927,GTECH Holdings Corporation,GTK,4225.9
928,DENTSPLY International Inc.,XRAY,4222.4
929,Pinnacle West Capital Corporation,PNW,4218.4
930,Glamis Gold Ltd.,GLG,4217.5
931,Ball Corporation,BLL,4213.7
932,"Transatlantic Holdings, Inc.",TRH,4169.9
933,Precision Drilling Corporation,PDS,4169.6
934,Brown-Forman Corporation,BF/A,4151.4
935,Lamar Advertising Company,LAMR,4144.5
936,"Advanced Semiconductor Engineering, Inc.",ASX,4144
937,"Federated Investors, Inc.",FII,4138.1
938,Makita Corp.,MKTAY,4124.9
939,"Ross Stores, Inc.",ROST,4124
940,"Cephalon, Inc.",CEPH,4118.7
941,Intersil Corporation,ISIL,4111.6
942,Lincare Holdings Inc.,LNCR,4109.3
943,"Arrow Electronics, Inc.",ARW,4108.3
944,"Autoliv, Inc.",ALV,4100.5
945,Stanley Works (The),SWK,4100.3
946,NAVTEQ CORP,NVT,4097.4
947,Citizens Communications Company,CZN,4096.9
948,SEI Investments Company,SEIC,4093.5
949,TransAlta Corporation,TAC,4090.3
950,iShares S&P SmallCap 600 Index Fund,IJR,4085.1
951,"Helmerich & Payne, Inc.",HP,4083.3
952,New York Times Company (The),NYT,4082.2
953,Alberto-Culver Company,ACV,4081.6
954,AMR Corporation,AMR,4077.9
955,Apartment Investment and Management Company,AIV,4069.3
956,"Henry Schein, Inc.",HSIC,4065.4
957,Discovery Holding Co,DISCA,4064.3
958,ENERGY TRANSFER PARTNERS,ETP,4063.3
959,iStar Financial Inc.,SFI,4059.3
960,Global Payments Inc.,GPN,4034.8
961,Boyd Gaming Corporation,BYD,4033.6
962,"American Eagle Outfitters, Inc.",AEOS,4033.2
963,Mechel Steel Group OAO,MTL,4021.2
964,"Pharmaceutical Product Development, Inc.",PPDI,3998.5
965,Liberty Property Trust,LRY,3993.8
966,"Brown & Brown, Inc.",BRO,3993.6
967,"CenterPoint Energy, Inc (Holding Co)",CNP,3963.2
968,Arch Capital Group Ltd.,ACGL,3957.7
969,AmeriCredit Corporation,ACF,3934.1
970,Eastman Chemical Company,EMN,3933.9
971,"Martin Marietta Materials, Inc.",MLM,3930.7
972,"Novellus Systems, Inc.",NVLS,3929.3
973,"Activision, Inc.",ATVI,3924.8
974,"DST Systems, Inc.",DST,3909.5
975,"NRG Energy, Inc.",NRG,3895.5
976,"Networks Associates, Inc.",MFE,3890.5
977,Allied Capital Corporation,ALD,3886.1
978,"Pentair, Inc.",PNR,3885.4
979,"Bunzl, plc",BNL,3881.8
980,Range Resources Corporation,RRC,3874.6
981,"Total System Services, Inc.",TSS,3872.5
982,"PMI Group, Inc. (The)",PMI,3871.3
983,"American Capital Strategies, Ltd.",ACAS,3867
984,Molson Coors Brewing Company,TAP,3844.9
985,"Colonial BancGroup, Inc. (The)",CNB,3840.7
986,Millicom International Cellular S.A.,MICC,3819.9
987,Quicksilver Resources Inc.,KWK,3818.1
988,"Compania Mina Buenaventura, S.A.",BVN,3810
989,Indiana Michigan Power Co.,IJD,3810
990,Endo Pharmaceuticals Holdings Inc.,ENDP,3808.9
991,Vertex Pharmaceuticals Incorporated,VRTX,3781.6
992,"Hasbro, Inc.",HAS,3781
993,"Novell, Inc.",NOVL,3780.2
994,"Health Care Property Investors, Inc.",HCP,3770.1
995,ServiceMaster Company (The),SVM,3761.3
996,Logitech International S.A.,LOGI,3760.5
997,Cimarex Energy Co,XEC,3754
998,"McDermott International, Inc.",MDR,3728.9
999,Eaton Vance Corporation,EV,3724.8
1000,"Family Dollar Stores, Inc.",FDO,3718.8
1001,"Liz Claiborne, Inc.",LIZ,3702.8
1002,"Beckman Coulter, Inc.",BEC,3700.9
1003,ChoicePoint Inc.,CPS,3687.7
1004,"Conseco, Inc.",CNO,3686.6
1005,City National Corporation,CYN,3685.5
1006,"J.B. Hunt Transport Services, Inc.",JBHT,3680.9
1007,"Merrill Lynch & Co., Inc.",BDM,3679.4
1008,"O'Reilly Automotive, Inc.",ORLY,3678.4
1009,Energy East Corporation,EAS,3670.4
1010,"Watson Pharmaceuticals, Inc.",WPI,3666.9
1011,"Jones Apparel Group, Inc.",JNY,3654.3
1012,Invitrogen Corporation,IVGN,3640.4
1013,TRIZEC PROPERTIES INC,TRZ,3637.8
1014,CNX Gas Corporation,CXG,3629
1015,Brunswick Corporation,BC,3626
1016,Oshkosh Truck Corporation,OSK,3623.9
1017,"Tyson Foods, Inc.",TSN,3623.7
1018,"Aqua America, Inc.",WTR,3623.4
1019,Bausch & Lomb Incorporated,BOL,3622
1020,Weingarten Realty Investors,WRI,3619.7
1021,WestCorp,WES,3616.9
1022,Biovail Corporation,BVF,3614.7
1023,"A.G. Edwards, Inc.",AGE,3602.1
1024,Pogo Producing Company,PPP,3593.9
1025,"PETsMART, Inc.",PETM,3590
1026,Pall Corporation,PLL,3587.9
1027,Ceridian Corporation,CEN,3585.2
1028,LSI Logic Corporation,LSI,3584
1029,Millipore Corporation,MIL,3581.5
1030,"Western Gas Resources, Inc.",WGR,3578
1031,"McCormick & Company, Incorporated",MKC,3570.1
1032,"Avnet, Inc.",AVT,3568.7
1033,SL Green Realty Corporation,SLG,3568
1034,"FMC Technologies, Inc.",FTI,3567.9
1035,"TECO Energy, Inc.",TE,3554.7
1036,Covance Inc.,CVD,3554.4
1037,"Venator Group, Inc.",FL,3545.6
1038,"Florida Rock Industries, Inc.",FRK,3544.6
1039,REEBOK INTL LTD,RBK,3541.8
1040,"Triad Hospitals, Inc.",TRI,3536.8
1041,Freescale Semiconductor Inc,FSL,3532.9
1042,Federal Realty Investment Trust,FRT,3524.3
1043,Enterprise GP Holdings L.P.,EPE,3523.4
1044,Plains Exploration & Production Company,PXP,3515.5
1045,John Nuveen Company (The),JNC,3505.6
1046,"Brinker International, Inc.",EAT,3500.3
1047,PartnerRe Ltd.,PRE,3491.2
1048,iShares Lehman TIPS Bond Fund,TIP,3486.6
1049,Polo Ralph Lauren Corporation,RL,3485.9
1050,"United Dominion Realty Trust, Inc.",UDR,3485.9
1051,Terex Corporation,TEX,3482.7
1052,"Siliconware Precision Industries Company, Ltd.",SPIL,3477.5
1053,Alliant Energy Corporation,LNT,3466.5
1054,Alliance Data Systems Corporation,ADS,3466
1055,"Roper Industries, Inc.",ROP,3461.9
1056,"Commerce Bancshares, Inc.",CBSH,3459.9
1057,"Dade Behring Holdings, Inc",DADE,3458.8
1058,Cognos Incorporated,COGN,3451.6
1059,"Outback Steakhouse, Inc.",OSI,3451.5
1060,Cerner Corporation,CERN,3440.2
1061,"Nasdaq Stock Market, Inc. (The)",NDAQ,3437.1
1062,"HCC Insurance Holdings, Inc.",HCC,3436.1
1063,"Teradyne, Inc.",TER,3430
1064,Cytyc Corporation,CYTC,3429.9
1065,Solectron Corporation,SLR,3414.2
1066,Tenet Healthcare Corporation,THC,3412.6
1067,"Denbury Resources, Inc. (Holding Company)",DNR,3410.6
1068,Camden Property Trust,CPT,3393.9
1069,"Energizer Holdings, Inc.",ENR,3388.1
1070,"Community Health Systems, Inc.",CYH,3384.1
1071,"Ryland Group, Inc. (The)",RYL,3382.7
1072,Inamed Corporation,IMDC,3377
1073,Scotts Company (The),SMG,3366.2
1074,Tidewater Inc.,TDW,3363.6
1075,"Owens-Illinois, Inc.",OI,3361.2
1076,Perusahaan Satlt Cp,IIT,3346.6
1077,Timken Company (The),TKR,3344
1078,TCF Financial Corporation,TCB,3342.4
1079,"Charles River Laboratories International, Inc.",CRL,3335.2
1080,"Akamai Technologies, Inc.",AKAM,3325.4
1081,Corporate Executive Board Company (The),EXBD,3325.4
1082,GLOBAL SIGNAL INC,GSL,3314.3
1083,UTi Worldwide Inc.,UTIW,3313.1
1084,Harsco Corporation,HSC,3306.6
1085,Streettracks Gold Trust,GLD,3306.3
1086,Reckson Associates Realty Corporation,RA,3296.6
1087,"PDL BioPharma, Inc.",PDLI,3289.2
1088,Independence Community Bank Corp.,ICBC,3279.9
1089,Erie Indemnity Company,ERIE,3278.1
1090,Markel Corporation,MKL,3272.9
1091,Whitman Corporation,PAS,3272.1
1092,DPL Inc.,DPL,3269.8
1093,"Cal Dive International, Inc.",CDIS,3267.3
1094,WFS Financial Inc.,WFSI,3266.5
1095,"Raymond James Financial, Inc.",RJF,3257.7
1096,Smurfit-Stone Container Corporation,SSCC,3247
1097,Celanese Corporation,CE,3245.8
1098,Rayonier Inc. REIT,RYN,3242.7
1099,"Renal Care Group, Inc.",RCI,3241.6
1100,RenaissanceRe Holdings Ltd.,RNR,3229.3
1101,Sabre Holdings Corporation,TSG,3215.1
1102,"Bemis Company, Inc.",BMS,3213.8
1103,"Millennium Pharmaceuticals, Inc.",MLNM,3210.1
1104,"Dai'ei, Inc.",DAIEY,3201.6
1105,Forest Oil Corporation,FST,3198.2
1106,Compuware Corporation,CPWR,3196.4
1107,QLogic Corporation,QLGC,3192.1
1108,"Synopsys, Inc.",SNPS,3192.1
1109,Canadian Pac Ltd,FHR,3189.3
1110,Pactiv Corporation,PTV,3186.6
1111,CMS Energy Corporation,CMS,3184.8
1112,Career Education Corporation,CECO,3183.2
1113,Aramark Corporation,RMK,3179.4
1114,Massey Energy Company,MEE,3172.6
1115,Zebra Technologies Corporation,ZBRA,3168
1116,iShares S&P MidCap 400 Index Fund,IJH,3166.5
1117,"Jefferies Group, Inc.",JEF,3165.3
1118,HON INDUSTRIES Inc.,HNI,3160.8
1119,Signet Group plc,SIG,3160.4
1120,"Ventas, Inc.",VTR,3159.1
1121,"ITT Educational Services, Inc.",ESI,3152.2
1122,"Affiliated Managers Group, Inc.",AMG,3150.4
1123,"Plains All American Pipeline, L.P.",PAA,3149.2
1124,Konami Corporation,KNM,3146.4
1125,Loews Corporation,CG,3144.6
1126,BorgWarner Inc.,BWA,3142.9
1127,SPX Corporation,SPW,3139.8
1128,American National Insurance Company,ANAT,3137.9
1129,CARMAX INC,KMX,3134
1130,Protective Life Corporation,PL,3132.7
1131,Sappi Limited,SPP,3127.1
1132,Pittston Company (The),BCO,3125.1
1133,Agrium Inc.,AGU,3120.8
1134,"Crown Cork & Seal Company, Inc.",CCK,3118.6
1135,Rhodia SA,RHA,3118.3
1136,Ingram Micro Inc.,IM,3115.5
1137,Louisiana-Pacific Corporation,LPX,3115
1138,Lubrizol Corporation (The),LZ,3110.6
1139,"Choice Hotels International, Inc.",CHH,3103.9
1140,"Symbol Technologies, Inc.",SBL,3099.5
1141,James Hardie Industries NV,JHX,3089.6
1142,"Hughes Supply, Inc.",HUG,3085.1
1143,"CGI Group, Inc.",GIB,3083.5
1144,Hospitality Properites Trust,HPT,3083.3
1145,"Reliant Resources, Inc.",RRI,3083.1
1146,CAPITALSOURCE INC,CSE,3082.6
1147,"Manor Care, Inc.",HCR,3078.3
1148,Mercury General Corporation,MCY,3077.8
1149,iShares S&P 500/BARRA Growth Index Fund,IVW,3071.7
1150,NSTAR,NST,3069.7
1151,Sonoco Products Company,SON,3069.4
1152,"Level 3 Communications, Inc.",LVLT,3065.9
1153,Semiconductor Manufacturing International Corporation,SMI,3065.1
1154,"Alamosa Holdings, Inc.",APCS,3063.5
1155,"Internationa Flavors & Fragrances, Inc.",IFF,3061.5
1156,iShares S&P 500/BARRA Value Index Fund,IVE,3058.1
1157,Aluminum Corporation of China Ltd,ACH,3055.7
1158,Investors Financial Services Corp.,IFIN,3050.3
1159,Molex Incorporated,MOLX,3046.1
1160,"Unitrin, Inc.",UTR,3044.8
1161,"Arden Realty, Inc.",ARI,3040.7
1162,"Reinsurance Group of America, Incorporated",RGA,3038.1
1163,BOK Financial Corporation,BOKF,3035
1164,Panamsat Holding Corporation,PA,3031.8
1165,ImClone Systems Incorporated,IMCL,3025.2
1166,Astoria Financial Corporation,AF,3023
1167,"Advanced Medical Optics, Inc.",EYE,3019.9
1168,"Hillenbrand Industries, Inc.",HB,3016.9
1169,Crompton Corporation,CEM,3015.5
1170,Chicago Bridge & Iron Company N.V.,CBI,3015.2
1171,"Allied Waste Industries, Inc.",AW,3006.1
1172,"Beazer Homes USA, Inc.",BZH,2996.7
1173,Frontline Ltd.,FRO,2990.8
1174,Radioshack Corporation,RSH,2988.7
1175,"Airgas, Inc.",ARG,2986.1
1176,"Claire's Stores, Inc.",CLE,2984
1177,Northeast Utilities,NU,2983.4
1178,Warner Music Group Corp.,WMG,2982.6
1179,"Smithfield Foods, Inc.",SFD,2981.8
1180,"PerkinElmer, Inc.",PKI,2974.3
1181,"ADC Telecommunications, Inc.",ADCT,2962.1
1182,Select Sector SPDR Fund - Energy Select Sector,XLE,2929.2
1183,Teekay Shipping Corporation,TK,2929
1184,"Cullen/Frost Bankers, Inc.",CFR,2927.9
1185,"Rambus, Inc.",RMBS,2925.4
1186,"American Financial Group, Inc.",AFG,2917.6
1187,General Motors Corporation,GPM,2910.4
1188,NISSIN CO LTD,NIS,2903.6
1189,"YRC Worldwide, Inc.",YRCW,2894.2
1190,Cheesecake Factory Incorporated (The),CAKE,2893.8
1191,FORD MTR CO CAP TR II,F^S,2893.5
1192,"Gildan Activewear, Inc.",GIL,2892.3
1193,"AMTEK, Inc.",AME,2887.4
1194,Scientific Games Corp,SGMS,2877.1
1195,AVX Corporation,AVX,2871.5
1196,"Ryder System, Inc.",R,2868.6
1197,"Fair, Isaac and Company, Incorporated",FIC,2865.4
1198,Brandywine Realty Trust,BDN,2864.2
1199,Energen Corporation,EGN,2859.5
1200,iShares Russell 2000 Value Index Fund,IWN,2853.6
1201,Nova Chemicals Corporation,NCX,2844.1
1202,"Donaldson Company, Inc.",DCI,2843.5
1203,Alliant Techsystems Inc.,ATK,2840.1
1204,West Corporation,WSTC,2836.8
1205,Forest City Enterprises Inc,FCE/A,2831
1206,"M.D.C. Holdings, Inc.",MDC,2829.9
1207,"Shurgard Storage Centers, Inc.",SHU,2829.2
1208,Shaw Group Inc. (The),SGR,2824
1209,"Intercontinentalexchange, Inc.",ICE,2818.8
1210,Fulton Financial Corporation,FULT,2817.6
1211,"Pan Pacific Retail Properties, Inc.",PNP,2816.5
1212,"JLG Industries, Inc.",JLG,2814.8
1213,Wilmington Trust Corporation,WL,2814.5
1214,Buhrmann Nv,BUH,2812.9
1215,Credicorp Ltd.,BAP,2812.6
1216,Southern Union Company,SUG,2807.8
1217,ResMed Inc.,RMD,2793.5
1218,"Barnes & Noble, Inc.",BKS,2790.6
1219,"AGL Resources, Inc.",ATG,2780.1
1220,National Fuel Gas Company,NFG,2779
1221,Arthur J. Gallagher & Co.,AJG,2776
1222,"Sky Financial Group, Inc.",SKYF,2773
1223,"Integrated Device Technology, Inc.",IDTI,2772.9
1224,Commercial Metals Company,CMC,2769.6
1225,Mack-Cali Realty Corporation,CLI,2767.8
1226,Foster Wheeler Ltd.,FWLT,2763.3
1227,Goodyear Tire & Rubber Company (The),GT,2758.9
1228,"ONEOK, Inc.",OKE,2757.4
1229,Unit Corporation,UNT,2754.4
1230,Graco Inc.,GGG,2754.1
1231,Valspar Corporation (The),VAL,2746.5
1232,TODCO,THE,2743.7
1233,"MDS, Inc.",MDZ,2739.7
1234,"Laidlaw International, Inc.",LI,2731.2
1235,"Viacom, Inc.",VIA,2728.3
1236,Business Objects S.A.,BOBJ,2724.8
1237,Meridian Gold Inc.,MDG,2724.3
1238,Thomas & Betts Corporation,TNB,2717.9
1239,"StanCorp Financial Group, Inc.",SFG,2715.3
1240,Petrobras Energia Participaciones SA,PZE,2703.4
1241,"CBL & Associates Properties, Inc.",CBL,2697.6
1242,United States Cellular Corporation,USM,2691
1243,"Diebold, Incorporated",DBD,2687.1
1244,Titanium Metals Corporation,TIE,2686.9
1245,"Thornburg Mortgage, Inc.",TMA,2685.4
1246,Saks Incorporated,SKS,2683.8
1247,"Vishay Intertechnology, Inc.",VSH,2682.2
1248,"CNF, Inc.",CNF,2681.8
1249,Frontier Oil Corporation,FTO,2679.1
1250,"Penn National Gaming, Inc.",PENN,2677.6
1251,Bank of Hawaii Corporation,BOH,2677.1
1252,Standard Pacific Lp,SPF,2669.4
1253,"Silicon Laboratories, Inc.",SLAB,2658.3
1254,Sierra Pacific Resources,SRP,2650.1
1255,iShares Lehman Aggregate Bond Fund,AGG,2644
1256,"Dollar Tree Stores, Inc.",DLTR,2638.3
1257,"Stericycle, Inc.",SRCL,2637.2
1258,"W&T Offshore, Inc.",WTI,2633.9
1259,Nalco Holding Company,NLC,2633.5
1260,Reliance Steel & Aluminum Company,RS,2632.2
1261,"Kinder Morgan Management, LLC",KMR,2626.6
1262,"IndyMac Bancorp, Inc.",NDE,2625.1
1263,National Instruments Corporation,NATI,2618.9
1264,FRESENIUS MED CARE AG,FMS^,2615.4
1265,"BlackRock, Inc.",BLK,2613.9
1266,Gol Linhas Aereas Inteligentes S.A.,GOL,2612.2
1267,Valley National Bancorp,VLY,2607.3
1268,Allmerica Financial Corporation,THG,2601.5
1269,Emdeon Corporation,HLTH,2598.7
1270,"Respironics, Inc.",RESP,2596.8
1271,Gentex Corporation,GNTX,2594.8
1272,"Laureate Education, Inc.",LAUR,2592.9
1273,"TEPPCO Partners, L.P.",TPP,2592.2
1274,Fairfax Financial Holdings Ltd,FFH,2589.7
1275,PrimeWest Energy Trust,PWI,2588.3
1276,International Rectifier Corporation,IRF,2574.8
1277,"New Plan Excel Realty Trust, Inc.",NXL,2569.2
1278,Gen-Probe Incorporated,GPRO,2563.1
1279,"F5 Networks, Inc.",FFIV,2556.8
1280,"BRE Properties, Inc.",BRE,2554.6
1281,Teleflex Incorporated,TFX,2554.1
1282,Edwards Lifesciences Corporation,EW,2553.4
1283,Videsh Sanchar Nigam Limited,VSL,2549.3
1284,TRW Automotive Holdings Corporation,TRW,2547.9
1285,"Kinetic Concepts, Inc.",KCI,2544.4
1286,Flowserve Corporation,FLS,2541.5
1287,J.M. Smucker Company (The),SJM,2539.2
1288,"Affymetrix, Inc.",AFFX,2534
1289,Webster Financial Corporation,WBS,2527.5
1290,Cabot Oil & Gas Corporation,COG,2525.4
1291,CNH Global N.V.,CNH,2523.1
1292,"Trinity Industries, Inc.",TRN,2501.6
1293,Wesco Financial Corporation,WSC,2492
1294,Packaging Corporation of America,PKG,2487
1295,SCOR S.A.,SCO,2477.5
1296,"Landstar System, Inc.",LSTR,2475.6
1297,Methanex Corporation,MEOH,2472.1
1298,Pioneer Corporation,PIO,2470.5
1299,St. Mary Land,SM,2468.5
1300,"Cooper Companies, Inc. (The)",COO,2466.9
1301,Cabot Corporation,CBT,2466.3
1302,"Walter Industries, Inc.",WLT,2463.8
1303,"IDEXX Laboratories, Inc.",IDXX,2462.5
1304,OGE Energy Corporation,OGE,2458.9
1305,Danielson Holding Corporation,CVA,2442.3
1306,"Duff & Phelps Utilities Income, Inc.",DNP,2441.6
1307,"Nationwide Financial Services, Inc.",NFS,2439.6
1308,Puget Sound Energy,PSD,2435.2
1309,Stolt Offshore S.A.,SOSA,2434.2
1310,Service Corporation International,SCI,2426.2
1311,"ARM Holdings, plc",ARMHY,2425.3
1312,Aber Diamond Corporation,ABER,2423.9
1313,AnnTaylor Stores Corporation,ANN,2422.3
1314,"American Pharmaceutical Partners, Inc.",APPX,2421.8
1315,"Universal Health Services, Inc.",UHS,2417.5
1316,"Thor Industries, Inc.",THO,2417.4
1317,CenterPoint Properties Trust,CNT,2417.1
1318,Herbalife LTD.,HLF,2414.3
1319,Havas,HAVS,2414.1
1320,Lan Chile S.A.,LFL,2411
1321,"Lihir Gold, Limited",LIHRY,2409.2
1322,Convergys Corporation,CVG,2407.8
1323,"Tektronix, Inc.",TEK,2407.5
1324,IDEX Corporation,IEX,2406.6
1325,"Mettler-Toledo International, Inc.",MTD,2405.8
1326,Companhia Brasileira de Distribuicao,CBD,2401.8
1327,Agnico-Eagle Mines Limited,AEM,2399
1328,"Fairchild Semiconductor International, Inc.",FCS,2396.3
1329,iShares Russell 2000 Growth Index Fund,IWO,2395.7
1330,"US Airways Group, Inc. New",LCC,2395
1331,Molex Incorporated,MOLXA,2382.5
1332,Kerzner International Limited,KZL,2374.7
1333,Amerus Group Company,AMH,2373.1
1334,"Dow Jones & Company, Inc.",DJ,2371.9
1335,"Church & Dwight Company, Inc.",CHD,2367.2
1336,Cleveland-Cliffs Inc.,CLF,2365
1337,iShares Russell 1000 Index Fund,IWB,2364.6
1338,Companhia de saneamento Basico Do Estado De Sao Pau,SBS,2362.7
1339,iShares S&P MidCap 400/Barra Value Index Fund,IJJ,2348.4
1340,Mills Corporation (The),MLS,2346.2
1341,TM Corporate Bond Fund,LQD,2343.9
1342,Maxtor Corporation,MXO,2336.8
1343,"Harte-Hanks, Inc.",HHS,2335.3
1344,Capitol Federal Financial,CFFN,2332.2
1345,Tech Data Corporation,TECD,2328
1346,"Enbridge Energy, Limited Partnership",EEP,2325.3
1347,Snap-On Incorporated,SNA,2324.7
1348,CIENA Corporation,CIEN,2323.5
1349,Cypress Semiconductor Corporation,CY,2320
1350,Mahanagar Telephone Nigam Ltd,MTE,2318.4
1351,Hubbell Inc A,HUB/B,2313.7
1352,"Hologic, Inc.",HOLX,2309.7
1353,"Alexander & Baldwin, Inc.",ALEX,2307.2
1354,Education Management Corporation,EDMC,2301.1
1355,Dresser-Rand Group Inc.,DRC,2301
1356,"Netease.com, Inc.",NTES,2297.3
1357,Adesa Inc,KAR,2293
1358,Alleghany Corporation,Y,2292.1
1359,Cytec Industries Inc.,CYT,2287.5
1360,"VCA Antech, Inc.",WOOF,2286.3
1361,Unisys Corporation,UIS,2283.1
1362,"United Rentals, Inc.",URI,2281.6
1363,"Copart, Inc.",CPRT,2279.3
1364,"Sierra Health Services, Inc.",SIE,2277.5
1365,HOVNANIAN ENTERPRISES INC,HOV,2275.1
1366,Polaris Industries Inc.,PII,2274
1367,Carpenter Technology Corporation,CRS,2272
1368,"Essex Property Trust, Inc.",ESS,2271.2
1369,"WESCO International, Inc.",WCC,2270.6
1370,"Lennox International, Inc.",LII,2264.8
1371,"Leap Wireless International, Inc.",LEAP,2263
1372,"Moneygram International, Inc.",MGI,2262.1
1373,New Century Financial Corp.,NEW,2259.6
1374,Kennametal Inc.,KMT,2255.1
1375,UGI Corporation,UGI,2253.8
1376,HRPT Properties Trust,HRP,2251.8
1377,Crane Company,CR,2248.1
1378,JetBlue Airways Corporation,JBLU,2246.7
1379,"Neurocrine Biosciences, Inc.",NBIX,2244.1
1380,WPS Resources Corporation,WPS,2242.9
1381,Philadelphia Consolidated Holding Corp.,PHLY,2239.8
1382,"RPM, Inc.",RPM,2235.1
1383,"Cogent, Inc.",COGT,2233
1384,"ADTRAN, Inc.",ADTN,2232
1385,"CNET Networks, Inc.",CNET,2230.4
1386,Sanmina-SCI Corporation,SANM,2229.4
1387,Agere Systems Inc,AGR,2221.9
1388,Compagnie Generale de Geophysique,GGY,2220.7
1389,"Alkermes, Inc.",ALKS,2217.6
1390,Techne Corporation,TECH,2210
1391,Benetton Group SPA,BNG,2194.4
1392,Holly Corporation,HOC,2193.9
1393,ROYAL BK SCOTLAND GROUP PLC,RBS^F,2193.5
1394,Brookdale Senior Living Inc.,BKD,2190.4
1395,Tri Continental Corporation,TY,2183.3
1396,Travelers Property Casualty Corporation,TPK,2182.8
1397,"UNOVA, Inc.",IN,2180.4
1398,"BJ's Wholesale Club, Inc.",BJ,2173.9
1399,Endurance Specialty Holdings Ltd,ENH,2173.6
1400,Meredith Corporation,MDP,2173.3
1401,Calamos Strategic Total Return,CSQ,2169.4
1402,"Pediatrix Medical Group, Inc.",PDX,2165.9
1403,"Telephone and Data Systems, Inc.",TDS,2160.6
1404,Tele Celular Sul Participacoes S.A.,TSU,2160.4
1405,Petroleum Geo-Services Asa,PGS,2159.4
1406,"Superior Energy Services, Inc.",SPN,2157
1407,Belo Corporation,BLC,2153.6
1408,Trimble Navigation Limited,TRMB,2152.8
1409,"Health Care REIT, Inc.",HCN,2143.3
1410,FMC Corporation,FMC,2142.2
1411,Crescent Real Estate Equities Company,CEI,2142.1
1412,CarrAmerica Realty Corporation,CRE,2141.5
1413,Merrill Lynch Biotech HOLDRS,BBH,2139.5
1414,"American Real Estate Partners, L.P.",ACP,2139
1415,"Valhi, Inc.",VHI,2132.9
1416,Del Monte Foods Company,DLM,2132.7
1417,Great Plains Energy Inc,GXP,2131
1418,"RPC, Inc.",RES,2130
1419,URS Corporation,URS,2127.9
1420,Carlisle Companies Incorporated,CSL,2124.4
1421,Atmos Energy Corporation,ATO,2124.3
1422,"Hawaiian Electric Industries, Inc.",HE,2123.5
1423,Huaneng Power Intl,HNP,2117.4
1424,Aracruz Celulose S.A.,ARA,2115.6
1425,"Foundry Networks, Inc.",FDRY,2108.5
1426,Chartered Semiconductor Manufacturing Ltd.,CHRT,2105.3
1427,"MSC Industrial Direct Company, Inc.",MSM,2102.7
1428,Interactive Data Corporation,IDC,2101.5
1429,San Juan Basin Royalty Trust,SJT,2101.1
1430,CAE INC,CGT,2100.2
1431,"Washington Federal, Inc.",WFSL,2099
1432,FirstMerit Corporation,FMER,2098.9
1433,R.H. Donnelley Corporation,RHD,2092.4
1434,Whitney Holding Corporation,WTNY,2083.3
1435,Vectren Corporation,VVC,2082
1436,SCP Pool Corporation,POOL,2078.2
1437,TELEPHONE & DATA SYS INC,TDS/S,2078.2
1438,"East West Bancorp, Inc.",EWBC,2076.3
1439,Colonial Properties Trust,CLP,2070.1
1440,Andrew Corporation,ANDW,2070
1441,"Avid Technology, Inc.",AVID,2069.6
1442,"Northern Border Partners, L.P.",NBP,2067
1443,Jones Lang LaSalle Incorporated,JLL,2062.8
1444,Maverick Tube Corporation,MVK,2062.4
1445,"Herman Miller, Inc.",MLHR,2057.4
1446,Anteon International Corporation,ANT,2053.9
1447,Seaboard Corporation,SEB,2053.1
1448,CBRL Group Inc.,CBRL,2052.6
1449,Hyperion Solutions Corporation,HYSL,2045.8
1450,Westlake Chemical Corporation,WLK,2044.4
1451,Albemarle Corporation,ALB,2040.6
1452,"Overseas Shipholding Group, Inc.",OSG,2034.7
1453,"Kos Pharmaceuticals, Inc.",KOSP,2034.6
1454,First Marblehead Corporation (The),FMD,2032.4
1455,Panera Bread Company,PNRA,2024.1
1456,Focus Media Holding Limited,FMCN,2023.8
1457,Boise Cascade Corporation,OMX,2022.7
1458,Distribucion y Servicio,DYS,2022.3
1459,Aspen Insurance Holdings Limited,AHL,2015.4
1460,Acxiom Corporation,ACXM,2014.5
1461,"Manitowoc Company, Inc.",MTW,2011.8
1462,Zenith National Insurance Corporation,ZNT,2011.8
1463,"Corn Products International, Inc.",CPO,2011.1
1464,GATX Corporation,GMT,2009.5
1465,Tractor Supply Company,TSCO,2009
1466,"Oil States International, Inc.",OIS,2006.4
1467,"Foundation Coal Holdings, Inc.",FCL,2002.8
1468,"Steel Dynamics, Inc.",STLD,2000.8
1469,Burlington Coat Factory Corporation,BCF,2000.3
1470,"Abgenix, Inc.",ABGX,1998.6
1471,"First Industrial Realty Trust, Inc.",FR,1995.9
1472,"Palm, Inc.",PALM,1991.3
1473,"Korea Fund, Inc. (The)",KF,1987.6
1474,Telesp Celular Participacoes S.A.,TCP,1985.2
1475,"Alexandria Real Estate Equities, Inc.",ARE,1984.7
1476,"MetLife, Inc.",MEU,1980
1477,"Cree, Inc.",CREE,1977.6
1478,Microsemi Corporation,MSCC,1973.9
1479,"AptarGroup, Inc.",ATR,1972.9
1480,Mentor Corporation,MNT,1970.1
1481,National Financial Partners Corporation,NFP,1967.3
1482,Wacoal Holdings Corporation,WACLY,1966.2
1483,"Neustar, Inc.",NSR,1963.9
1484,"Celestica, Inc.",CLS,1962.8
1485,CompuCredit Corporation,CCRT,1962.6
1486,"Carter's, Inc.",CRI,1960.9
1487,Dr. Reddy's Laboratories Ltd,RDY,1959.4
1488,Magellan Midstream Partners L.P.,MMP,1959.4
1489,Columbia Sportswear Company,COLM,1954.9
1490,Kilroy Realty Corporation,KRC,1954.9
1491,"Sybase, Inc.",SY,1953.9
1492,Realty Income Corporation,O,1949.2
1493,South Financial Group Inc. (The),TSFG,1947.1
1494,Hansen Natural Corporation,HANS,1946.9
1495,Desarrolladora Homex,HXM,1943
1496,"Dillard's, Inc.",DDS,1941.5
1497,Compania de Telecomunicaciones de Chile S.A.,CTC,1933.7
1498,FactSet Research Systems Inc.,FDS,1930.2
1499,Hexcel Corporation,HXL,1927.7
1500,ON Semiconductor Corporation,ONNN,1927.3
1501,Ohio Casualty Corporation,OCAS,1917.3
1502,"Cheniere Energy, Inc.",LNG,1916.5
1503,ASSURED GUARANTY LTD,AGO,1916
1504,Toro Company (The),TTC,1915.2
1505,"Nuveen Municipal Value Fund, Inc.",NUV,1912.6
1506,"NFJ Dividend, Interest & Premium Strategy Fund",NFJ,1911.4
1507,Atmel Corporation,ATML,1908.8
1508,Fremont General Corporation,FMT,1907.9
1509,Alliance Capital Management Holding L.P.,ACG,1907.4
1510,"Taubman Centers, Inc.",TCO,1907.3
1511,Kansas City Southern,KSU,1907.1
1512,Navistar International Corporation,NAV,1906.9
1513,Valero LP,VLI,1906.6
1514,"Investment Technology Group, Inc.",ITG,1899.5
1515,"Four Seasons Hotels, Inc.",FS,1895.1
1516,LENNAR CORP,LEN/B,1892.9
1517,Select Sector SPDR Fund - Financial,XLF,1889.6
1518,iShares Russell 3000 Index Fund,IWV,1889
1519,"ValueClick, Inc.",VCLK,1888.5
1520,"Guess?, Inc.",GES,1888.4
1521,Rite Aid Corporation,RAD,1886.3
1522,"Coldwater Creek, Inc.",CWTR,1874.3
1523,"Varian Semiconductor Equipment Associates, Inc.",VSEA,1873.1
1524,"Lincoln Electric Holdings, Inc.",LECO,1871.3
1525,"Jack Henry & Associates, Inc.",JKHY,1867.9
1526,HUDSON UNITED BANCORP,HU,1867.8
1527,"Waddell & Reed Financial, Inc.",WDR,1865.8
1528,SBA Communications Corporation,SBAC,1864.2
1529,"Simpson Manufacturing Company, Inc.",SSD,1863.5
1530,International Bancshares Corporation,IBOC,1863.3
1531,Copene-Petroquimica do Nordeste,BAK,1860.6
1532,Timberland Company (The),TBL,1859.2
1533,SEACOR SMIT Inc.,CKH,1858.1
1534,"Piedmont Natural Gas Company, Inc.",PNY,1857.9
1535,iShares Russell MidCap Value Index Fund,IWS,1855.2
1536,Central European Media Enterprises Ltd.,CETV,1847.5
1537,STERIS Corporation,STE,1845.8
1538,"Friedman, Billings, Ramsey Group, Inc.",FBR,1841.9
1539,"bebe stores, inc.",BEBE,1840.5
1540,Select Sector SPDR Fund - Health Care,XLV,1835.2
1541,"Applebee's International, Inc.",APPB,1828.5
1542,Stolt-Nielsen S.A.,SNSA,1826
1543,Downey Financial Corporation,DSL,1823.9
1544,"Polycom, Inc.",PLCM,1822.9
1545,"Worthington Industries, Inc.",WOR,1821.8
1546,"Pacific Sunwear of California, Inc.",PSUN,1818.1
1547,Brady Corporation,BRC,1815.2
1548,"Commerce Group, Inc. (The)",CGI,1813.9
1549,Eaton Vance Corporation,ETW,1813
1550,"optionsXpress Holdings, Inc.",OXPS,1811.4
1551,Kyphon Inc.,KYPH,1807.7
1552,Nicor Inc.,GAS,1806.8
1553,"Men's Wearhouse, Inc. (The)",MW,1805.5
1554,"BancorpSouth, Inc.",BXS,1803.5
1555,"Equity One, Inc.",EQY,1801.2
1556,Briggs & Stratton Corporation,BGG,1799.8
1557,KKR Financial Corp.,KFN,1799.6
1558,Aktieselskabet Dampskibsselskabet Torm,TRMD,1799.3
1559,"John Wiley & Sons, Inc.",JW/A,1795.3
1560,"United Auto Group, Inc.",UAG,1794.5
1561,Houston Exploration Company (The),THX,1794.2
1562,Cathay General Bancorp,CATY,1791.5
1563,"CORUS Bankshares, Inc.",CORS,1790
1564,"Westar Energy, Inc.",WR,1788.4
1565,Encore Acquisition Company,EAC,1784.8
1566,NCE Petrofund,PTF,1782.9
1567,"Continental Airlines, Inc.",CAL,1778.4
1568,3Com Corporation,COMS,1777.3
1569,Platinum Underwriters Holdings Ltd,PTP,1776.8
1570,Anixter International Inc.,AXE,1771.4
1571,Reynolds and Reynolds Company (The),REY,1771.3
1572,"MICROS Systems, Inc.",MCRS,1768.6
1573,CLARCOR Inc.,CLC,1767.7
1574,"LifePoint Hospitals, Inc.",LPNT,1761.3
1575,Nuveen Preferred and Convertible Income Fund 2,JQC,1761.2
1576,Perot Systems Corporation,PER,1758.5
1577,Regis Corporation,RGS,1757.5
1578,SVB Financial Group,SIVB,1755.9
1579,Qiagen N.V.,QGEN,1753.8
1580,"BISYS Group, Inc. (The)",BSG,1750.5
1581,"Knight Transportation, Inc.",KNX,1741.1
1582,"Lone Star Technologies, Inc.",LSS,1739.6
1583,Select Sector SPDR Fund - Utilities,XLU,1738.8
1584,Parametric Technology Corporation,PMTC,1737.2
1585,"PMC - Sierra, Inc.",PMCS,1733.5
1586,Eaton Vance Limited Duration Income Fund,EVV,1733.2
1587,Gaylord Entertainment Company,GET,1733
1588,"IPC Holdings, Limited",IPCR,1733
1589,Nektar Therapeutics,NKTR,1732.3
1590,"Psychiatric Solutions, Inc.",PSYS,1729.7
1591,"Swift Transportation Co., Inc.",SWFT,1729.6
1592,"Baidu.com, Inc.",BIDU,1729
1593,Westamerica Bancorporation,WABC,1727.6
1594,"Veriphone Holdings, Inc.",PAY,1726.9
1595,Amerco,UHAL,1724.1
1596,CBS CORP NEW,CBS/A,1722.5
1597,Pimco High Income Fund,PHK,1721.9
1598,"Sybron Dental Specialties, Inc.",SYD,1721.3
1599,Montpelier RE Holdings Ltd,MRH,1721.1
1600,"CACI International, Inc.",CAI,1720
1601,"Heartland Express, Inc.",HTLD,1719.3
1602,General Motors Corporation Ser B Conv Sr Dbs due 2032,GBM,1718.1
1603,"AmeriGas Partners, L.P.",APU,1715.8
1604,"United Surgical Partners International, Inc.",USPI,1713.7
1605,"Werner Enterprises, Inc.",WERN,1710.8
1606,Buckeye Partners L.P.,BPL,1710.4
1607,Gamestop Corporation,GME,1710
1608,Nutri/System Inc,NTRI,1708.4
1609,"Abitibi-Consolidated, Inc.",ABY,1707.9
1610,Whiting Petroleum Corporation,WLL,1705.8
1611,Odyssey Re Holdings Corporation,ORH,1704.6
1612,"Highwoods Properties, Inc.",HIW,1704.1
1613,Lear Corporation,LEA,1702.7
1614,"aQuantive, Inc.",AQNT,1702.1
1615,"Quiksilver, Inc.",ZQK,1701.7
1616,ACUITY BRANDS INC,AYI,1699.5
1617,Greenhill,GHL,1696.3
1618,Pacific Capital Bancorp,PCBC,1695.7
1619,"TIBCO Software, Inc.",TIBX,1695.3
1620,"SkyWest, Inc.",SKYW,1692.5
1621,Hanover Compressor Company,HC,1689.6
1622,"PNM Resources, Inc. (Holding Co.)",PNM,1689.5
1623,Granite Construction Incorporated,GVA,1688
1624,UICI,UCI,1685
1625,Heritage Property Investment Trust Inc,HTG,1682.1
1626,"First Citizens BancShares, Inc.",FCNCA,1681.9
1627,"Fossil, Inc.",FOSL,1681.7
1628,Medicis Pharmaceutical Corporation,MRX,1681.6
1629,Berry Petroleum Company,BRY,1681.1
1630,Corrections Corporation of America,CXW,1680
1631,Eaton Vance Tax Advantaged Dividend Income Fund,EVT,1679.6
1632,Hewitt Associates Inc,HEW,1679.1
1633,Jarden Corporation,JAH,1677.4
1634,Smedvig Asa Ads Cla,SMV/A,1677.4
1635,Dynegy Inc.,DYN,1676.5
1636,Nuveen Quality Preferred Income Fund 2,JPS,1676
1637,Healthcare Realty Trust Incorporated,HR,1673.4
1638,"Flowers Foods, Inc.",FLO,1672.7
1639,Sonic Corp.,SONC,1672.6
1640,"Payless Shoesource, Inc.",PSS,1671.2
1641,"NewAlliance Bancshares, Inc.",NAL,1668.4
1642,Bill Barrett Corporation,BBG,1667.8
1643,"SiRF Technology Holdings, Inc.",SIRF,1666.9
1644,"GRUMA, S.A. de C.V.",GMK,1666.2
1645,Valeant Pharmaceuticals International,VRX,1664.2
1646,"Armor Holdings, Inc.",AH,1664.1
1647,Domino's Pizza Inc,DPZ,1662.4
1648,"Ruby Tuesday, Inc.",RI,1661.6
1649,"Watsco, Inc.",WSO,1660.6
1650,"Plantronics, Inc.",PLT,1658.4
1651,"Post Properties, Inc.",PPS,1658.1
1652,Meritage Corporation,MTH,1654.9
1653,THQ Inc.,THQI,1653.9
1654,Rostelecom,ROS,1651.7
1655,"FLIR Systems, Inc.",FLIR,1644.2
1656,"Borders Group, Inc.",BGP,1643.9
1657,Aeropostale Inc,ARO,1643.2
1658,BEARINGPOINT INC,BE,1637.6
1659,Brasil Telecom Participacoes S.A.,BRP,1637.6
1660,Hydril,HYDL,1637
1661,"Selective Insurance Group, Inc.",SIGI,1636.5
1662,"Nelnet, Inc.",NNI,1634.7
1663,"Quanta Services, Inc.",PWR,1634.4
1664,Converium Holding AG,CHR,1634.1
1665,ABN AMRO CAP FDG TR VII,ABN^G,1632.2
1666,iShares Small Cap 600/BARRA Value Index Fund,IJS,1631.5
1667,AGCO Corporation,AG,1630
1668,MI Developments Inc,MIM,1627.5
1669,Avocent Corporation,AVCT,1626.9
1670,"Syniverse Holdings, Inc.",SVR,1624.7
1671,"Carbo Ceramics, Inc.",CRR,1622.5
1672,DeVry Inc.,DV,1622.3
1673,Waste Connections Inc.,WCN,1620.6
1674,Pilgrim's Pride Corporation,PPC,1620
1675,"Marvel Enterprises, Inc.",MVL,1617.5
1676,United Stationers Inc.,USTR,1616.9
1677,Pan American Silver Corp.,PAAS,1616.7
1678,"UCBH Holdings, Inc.",UCBH,1616.1
1679,"Powerwave Technologies, Inc.",PWAV,1615.9
1680,Genlyte Group Incorporated (The),GLYT,1613.9
1681,OSI Pharmaceuticals Inc.,OSIP,1612.9
1682,"Cymer, Inc.",CYMI,1612.2
1683,Eaton Vance Tax-Advantaged Global Dividend Income Fu,ETG,1609.2
1684,"Florida East Coast Industries, Inc.",FLA,1608.3
1685,iShares MSCI Pacific Ex-Japan Index Fund,EPP,1608.1
1686,"EGL, Inc.",EAGL,1606.6
1687,"Global Industries, Ltd.",GLBL,1604.2
1688,iShares Cohen & Steers Realty Majors Index Fund,ICF,1603.6
1689,Corporate Office Properties Trust,OFC,1603
1690,iShares NASDAQ Biotechnology Index Fund,IBB,1601.9
1691,American Financial Realty Trust,AFR,1599.9
1692,SOCIEDAD QUIMICA Y MINERA DE,SQM/A,1599.9
1693,"Compania Cervecerias Unidas, S.A.",CU,1595.7
1694,"Conexant Systems, Inc.",CNXT,1594.8
1695,Brookfield Homes Corp,BHS,1594.4
1696,ICOS Corporation,ICOS,1593.6
1697,Pro-Assurance Corporation,PRA,1591.8
1698,COLT Telecom Group plc,COLT,1589.4
1699,"Oceaneering International, Inc.",OII,1587.6
1700,Wellcare Group,WCG,1586
1701,"First Midwest Bancorp, Inc.",FMBI,1584.4
1702,Trustmark Corporation,TRMK,1580.4
1703,Cousins Properties Incorporated,CUZ,1578.2
1704,Highveld Steel and Vanadium Corporation Limited,HSVLY,1576.8
1705,METLIFE INC,MET^B,1575
1706,Openwave Systems Inc,OPWV,1574.9
1707,"American Medical Systems Holdings, Inc.",AMMD,1574.4
1708,"Veritas DGC, Inc.",VTS,1574.1
1709,iShares S&P MidCap 400/BARRA Growth Index Fund,IJK,1573.1
1710,"Quest Software, Inc.",QSFT,1571.9
1711,"Washington Group International, Inc.",WGII,1571.2
1712,"United Bankshares, Inc.",UBSI,1570.9
1713,"IKON Office Solutions, Inc.",IKN,1570.2
1714,"Websense, Inc.",WBSN,1569.1
1715,"Speedway Motorsports, Inc.",TRK,1568.1
1716,iShares Russell MidCap Index Fund,IWR,1566.9
1717,"Rockwood Holdings, Inc.",ROC,1566.3
1718,"Reader's Digest Association, Inc. (The)",RDA,1565.6
1719,AMERADA HESS CORP,AHC^,1564.2
1720,Gemplus International S.A.,GEMP,1563.3
1721,Gabelli Dividend,GDV,1562.7
1722,First Niagara Financial Group Inc.,FNFG,1562.2
1723,"Gartner, Inc.",IT,1562.1
1724,Park National Corporation,PRK,1559.5
1725,"Medarex, Inc.",MEDX,1556.7
1726,Quanex Corporation,NX,1555.6
1727,"Sunrise Senior Living, Inc.",SRZ,1555.2
1728,Imation Corporation,IMN,1554.8
1729,State Auto Financial Corporation,STFC,1554.6
1730,"India Fund, Inc. (The)",IFN,1553.7
1731,ViroPharma Incorporated,VPHM,1553.7
1732,Actuant Corporation,ATU,1552.9
1733,"BE Aerospace, Inc.",BEAV,1551.9
1734,"Myogen, Inc.",MYOG,1549.6
1735,Ritchie Bros. Auctioneers Incorporated,RBA,1547.4
1736,"Nationwide Health Properties, Inc.",NHP,1545.1
1737,"Morningstar, Inc.",MORN,1541.8
1738,"International Coal Group, Inc.",ICO,1541.5
1739,Hugoton Royalty Trust,HGT,1540.8
1740,Oce NV,OCENY,1540.3
1741,"Annaly Mortgage Management, Inc.",NLY,1537.4
1742,KRONOS WORLDWIDE INC,KRO,1537
1743,ING Clarion Global Real Estate Income Fund,IGR,1535.6
1744,Emulex Corporation,ELX,1535.5
1745,PHH CORP,PHH,1534.7
1746,"Benchmark Electronics, Inc.",BHE,1533.9
1747,Salomon Brothers Fund Inc.,SBF,1530.5
1748,"Ceradyne, Inc.",CRDN,1529.9
1749,"Texas Regional Bancshares, Inc.",TRBS,1529.6
1750,Phillips-Van Heusen Corporation,PVH,1529.5
1751,Bowater Incorporated,BOW,1528.9
1752,Tommy Hilfiger USA Inc,TOM,1525.9
1753,"Big Lots, Inc.",BLI,1523.4
1754,Washington Gas Light Company,WGL,1520.4
1755,"Electronics for Imaging, Inc.",EFII,1518.1
1756,"Alpha Natural Resources, inc.",ANR,1515.8
1757,BP Prudhoe Bay Royalty Trust,BPT,1514.7
1758,"Cedar Fair, L.P.",FUN,1514.2
1759,Max Re Capital Ltd.,MXRE,1514
1760,Westinghouse Air Brake Technologies Corporation,WAB,1512.7
1761,GFI Group Inc.,GFIG,1512.6
1762,Potlatch Corporation,PCH,1504.3
1763,Yanzhou Coal Mining Company Limited,YZC,1501.3
1764,"Netflix, Inc.",NFLX,1498
1765,Aberdeen Asia-Pacific Income Fund Inc,FAX,1496.2
1766,Diagnostic Products Corporation,DP,1496.1
1767,"Atwood Oceanics, Inc.",ATW,1496
1768,United Therapeutics Corporation,UTHR,1494.8
1769,National Australia Bank Limited,NAU,1494.2
1770,Pennsylvania Real Estate Investment Trust,PEI,1493.1
1771,Maguire Properties Inc,MPG,1492.8
1772,"EarthLink, Inc.",ELNK,1491.8
1773,"AirTran Holdings, Inc.",AAI,1487.6
1774,"Talbots, Inc. (The)",TLB,1483.7
1775,Nordson Corporation,NDSN,1483.2
1776,"Energy Conversion Devices, Inc.",ENER,1481.9
1777,"Charming Shoppes, Inc.",CHRS,1474.3
1778,Olin Corporation,OLN,1474
1779,"Rollins, Inc.",ROL,1468
1780,Partner Communications Company Ltd.,PTNR,1466.8
1781,"Oregon Steel Mills, Inc.",OS,1466.7
1782,"Grey Wolf, Inc.",GW,1465.7
1783,"ZymoGenetics, Inc.",ZGEN,1464.2
1784,Van Kampen Senior Income Trust,VVR,1461.7
1785,"KCS Energy, Inc.",KCS,1459.5
1786,"Home Properties, Inc.",HME,1459.4
1787,Mine Safety Appliances Company,MSA,1458.9
1788,Perrigo Company,PRGO,1458.2
1789,"Ventana Medical Systems, Inc.",VMSI,1457.1
1790,Rent-A-Center Inc.,RCII,1455
1791,BanColombia S.A.,CIB,1452.9
1792,UMB Financial Corporation,UMBF,1451.2
1793,Patni Computer Systems Limited,PTI,1450.9
1794,Headwaters Incorporated,HW,1450.8
1795,"Tessera Technologies, Inc.",TSRA,1449.4
1796,"Human Genome Sciences, Inc.",HGSI,1441.5
1797,"Adams Respiratory Therapeutics, Inc.",ARXT,1437.9
1798,Citadel Broadcasting Corporation,CDL,1437.6
1799,"Modis Professional Services, Inc.",MPS,1437.4
1800,Sociedad Quimica y Minera S.A.,SQM,1436
1801,"Phoenix Companies, Inc. (The)",PNX,1435.1
1802,Kirby Corporation,KEX,1433.3
1803,"Universal Compression Holdings, Inc.",UCO,1431.6
1804,Sadia S.A.,SDA,1431.4
1805,"Entegris, Inc.",ENTG,1428.5
1806,"Arrow International, Inc.",ARRO,1428.4
1807,Peoples Energy Corporation,PGL,1425.3
1808,American Home Mortgage Investment Corp,AHM,1419.7
1809,Ethan Allen Interiors Inc.,ETH,1418.9
1810,Swift Energy Company,SFY,1418.7
1811,Old National Bancorp Capital Trust I,ONB,1417.8
1812,Select Sector SPDR Fund - Technology,XLK,1415.5
1813,Eagle Materials Inc,EXP,1415
1814,"Sunstone Hotel Investors, Inc.",SHO,1412.8
1815,W Holding Company Incorporated,WHI,1412.6
1816,"Komag, Inc. New",KOMG,1409.1
1817,"Silgan Holdings, Inc.",SLGN,1408.6
1818,Lancaster Colony Corporation,LANC,1407.9
1819,Gemstar-TV Guide International Inc.,GMST,1406.3
1820,Semtech Corporation,SMTC,1404.4
1821,"Dress Barn, Inc. (The)",DBRN,1404.3
1822,"Duquesne Light Holdings, Inc.",DQE,1402
1823,"ANSYS, Inc.",ANSS,1401.3
1824,"Dreamworks Animation SKG, Inc.",DWA,1400.9
1825,"Internation Securities Exchange, Inc.",ISE,1399.4
1826,"Guitar Center, Inc.",GTRC,1396.5
1827,RLI Corporation,RLI,1396.4
1828,"DRS Technologies, Inc.",DRS,1395.8
1829,21st Century Insurance Group,TW,1394
1830,"Investors Bancorp, Inc.",ISBC,1393
1831,InterDigital Communications Corp.,IDCC,1392.6
1832,"Hilb, Rogal and Hamilton Company",HRH,1392.2
1833,"Alpharma, Inc.",ALO,1392
1834,"NBTY, Inc.",NTY,1390.2
1835,Washington Real Estate Investment Trust,WRE,1389.6
1836,Iamgold Corporation,IAG,1387.9
1837,"Trident Microsystems, Inc.",TRID,1386.9
1838,International Speedway Corporation,ISCA,1386
1839,Jack In The Box Inc.,JBX,1385.8
1840,Maytag Corporation,MYG,1380.3
1841,Cognex Corporation,CGNX,1380.2
1842,"MAF Bancorp, Inc.",MAFB,1378.4
1843,"W-H Energy services, Inc.",WHQ,1378.2
1844,"Alliance Resource Partners, L.P.",ARLP,1377.9
1845,"RF Micro Devices, Inc.",RFMD,1377.7
1846,"Tetra Technologies, Inc.",TTI,1376.9
1847,Haemonetics Corporation,HAE,1376.7
1848,"Gardner Denver, Inc.",GDI,1373.6
1849,Intrawest Corporation,IDR,1371
1850,CITIGROUP CAP VIII,C^Z,1370.5
1851,"Sycamore Networks, Inc.",SCMR,1370.1
1852,Roto-Rooter Inc,CHE,1369
1853,"Nuance Communications, Inc.",NUAN,1368.1
1854,"Nu Skin Enterprises, Inc.",NUS,1367.9
1855,"Wolverine World Wide, Inc.",WWW,1367.7
1856,"Delphi Financial Group, Inc.",DFG,1366.3
1857,AQUILA INC,ILA,1362.9
1858,"Lee Enterprises, Incorporated",LEE,1362.9
1859,Alfa Corporation,ALFA,1361.7
1860,STATS ChipPAC Ltd.,STTS,1361
1861,Remington Oil and Gas Corporation,REM,1360.2
1862,Deluxe Corporation,DLX,1357.7
1863,Life Time Fitness,LTM,1354.4
1864,"Pinnacle Entertainment, Inc.",PNK,1353.8
1865,"Comstock Resources, Inc.",CRK,1352
1866,"P.F.Chang's China Bistro, Inc.",PFCB,1352
1867,Technical Olympic USA Inc,TOA,1351.5
1868,Ship Finance International,SFL,1349.2
1869,"RealNetworks, Inc.",RNWK,1347.5
1870,Stone Energy Corporation,SGY,1346.9
1871,Lazard LTD.,LAZ,1344.8
1872,"IDACORP, Inc.",IDA,1339.9
1873,"United Natural Foods, Inc.",UNFI,1339.6
1874,Dick's Sporting Goods Inc,DKS,1338.4
1875,"Immucor, Inc.",BLUD,1335.1
1876,"Fresh Del Monte Produce, Inc.",FDP,1333.6
1877,Beverly Enterprises. Inc.,BEV,1332.5
1878,Tupperware Corporation,TUP,1332.4
1879,"Allete, Inc.",ALE,1332.2
1880,EAGLE MATERIALS INC,EXP/B,1331
1881,Chittenden Corporation,CHZ,1328.5
1882,"Valassis Communications, Inc.",VCI,1327.6
1883,Wells Fargo Cap IX,WSF,1325
1884,Hancock Holding Company,HBHC,1324.6
1885,"Westwood One, Inc.",WON,1324.3
1886,"OmniVision Technologies, Inc.",OVTI,1324
1887,USEC Inc.,USU,1322.6
1888,Hercules Incorporated,HPC,1320.4
1889,Stillwater Mining Company,SWC,1318.2
1890,Brasil Telecom Participacoes S.A.,BTM,1316.5
1891,"Ferrellgas Partners, L.P.",FGP,1311
1892,Longs Drug Stores Corporation,LDG,1310.8
1893,"Resources Connection, Inc.",RECN,1309.9
1894,Greater Bay Bancorp,GBBK,1309.1
1895,iShares Small Cap 600/BARRA Growth Index Fund,IJT,1302.3
1896,"Multi-Fineline Electronix, Inc.",MFLX,1301.9
1897,Cohen & Steers Reit and Preferred Income Fund Inc,RNP,1301.8
1898,Quilmes Industrial (Quinsa) S.A.,LQU,1299.7
1899,"HealthExtras, Inc.",HLEX,1298.9
1900,"Aleris International, Inc.",ARS,1295.7
1901,Acco Brands Corporation,ABD,1295.2
1902,Coeur d'Alene Mines Corporation,CDE,1294.3
1903,Informatica Corporation,INFA,1294.2
1904,BOARDWALK PIPELINE PARTNERS,BWP,1292.8
1905,"MGI PHARMA, Inc.",MOGN,1291.4
1906,Curtiss-Wright Corporation,CW,1290.1
1907,Baxter International Inc.,BAX^,1289
1908,Andrx Group,ADRX,1288.2
1909,General Maritime Corporation,GMR,1287.7
1910,Senior Housing Properties Trust,SNH,1287.6
1911,Provident Financial Services,PFS,1283.4
1912,Watson Wyatt & Company Holdings,WW,1282.7
1913,IShares Trust FTSE-Xinhua China 25 Index Fund,FXI,1282.6
1914,SCHERING PLOUGH CORP,SGP^M,1282
1915,Thoratec Corporation,THOR,1281
1916,"Casey's General Stores, Inc.",CASY,1280.8
1917,Scottish RE Group Limited,SCT,1279.7
1918,"Equinix, Inc.",EQIX,1279.5
1919,"Net 1 UEPS Technologies, Inc.",UEPS,1277.1
1920,"Alexander's, Inc.",ALX,1277
1921,Corus Entertainmt Incorporated,CJR,1276.5
1922,Wintrust Financial Corporation,WTFC,1276.4
1923,"EMCOR Group, Inc.",EME,1275.6
1924,"Great Atlantic & Pacific Tea Company, Inc. (The)",GAP,1275.4
1925,Quinenco SA,LQ,1274.1
1926,Liberty All-Star Equity Fund,USA,1273.5
1927,"Orient-Express Hotels, Ltd.",OEH,1271.5
1928,"Strayer Education, Inc.",STRA,1271.3
1929,ATMI Inc.,ATMI,1270.4
1930,Empresas Ica Soc Contrladora,ICA,1270
1931,Ansell Limited,ANSL,1267
1932,CORPBANCA,BCA,1266.2
1933,"Idenix Pharmaceuticals, Inc.",IDIX,1265.7
1934,"PETCO Animal Supplies, Inc.",PETC,1264.8
1935,"SRA International, Inc",SRX,1264.8
1936,Nuveen Preferred and Convertible Income Fund,JPC,1264.6
1937,AK Steel Holding Corporation,AKS,1263.9
1938,"Bio-Rad Laboratories, Inc.",BIO,1260.8
1939,"Global Cash Access Holdings, Inc.",GCA,1260.8
1940,OMI Corporation,OMM,1260.8
1941,Embratel Participacoes SA,EMT,1257.4
1942,CVB Financial Corporation,CVBF,1257
1943,ESCO Technologies Inc.,ESE,1256.8
1944,"Brooks Automation, Inc.",BRKS,1256.7
1945,"Ameristar Casinos, Inc.",ASCA,1256.1
1946,"Brocade Communications Systems, Inc.",BRCD,1255.9
1947,hanarotelecom incorporated,HANA,1255.7
1948,Umpqua Holdings Corporation,UMPQ,1254.3
1949,"Bucyrus International, Inc.",BUCY,1254.2
1950,Strategic Hotel Capital Inc,SLH,1253.9
1951,"Linens 'n Things, Inc.",LIN,1253.1
1952,Kronos Incorporated,KRON,1252.1
1953,NewJersey Resources Corporation,NJR,1252.1
1954,Biomed Realty Trust,BMR,1251.2
1955,Perdigao S.A.,PDA,1251.1
1956,"Applied Industrial Technologies, Inc.",AIT,1251
1957,"Owens & Minor, Inc.",OMI,1249
1958,"Under Armour, Inc.",UARM,1246.6
1959,Plexus Corp.,PLXS,1246.4
1960,LaSalle Hotel Properties,LHO,1246.1
1961,ATP Oil & Gas Corporation,ATPG,1244.8
1962,"Commercial Net Lease Realty, Inc.",NNN,1243
1963,"Texas Industries, Inc.",TXI,1241.7
1964,"Labor Ready, Inc.",LRW,1241.1
1965,Rydex ETF Trust,RSP,1240.6
1966,Spansion Inc.,SPSN,1240.5
1967,Tele Centro Oest Celular Participacoes S.A.,TRO,1239.7
1968,Arris Group Inc,ARRS,1238.7
1969,Merrill Lynch Semiconductor HOLDRS,SMH,1237.4
1970,"Nuveen Insured Municipal Opportunity Fund, Inc.",NIO,1236.5
1971,Sina Corporation,SINA,1236.4
1972,Digital Insight Corporation,DGIN,1235.6
1973,"Hearst-Argyle Television, Inc.",HTV,1232.7
1974,"ArvinMeritor, Inc.",ARM,1229.7
1975,"CEC Entertainment, Inc.",CEC,1229
1976,"Transaction Systems Architects , Inc.",TSAI,1229
1977,Banta Corporation,BN,1225.8
1978,Masisa Sa Ads,MYS,1225.6
1979,Arbitron Inc.,ARB,1225.4
1980,iShares Dow Jones U.S. Health Care Index Fund,IYH,1224.6
1981,"Furniture Brands International, Inc.",FBN,1223.6
1982,"Pantry, Inc. (The)",PTRY,1223.4
1983,WCI Communities Inc,WCI,1221.7
1984,Randgold Resources Limited,GOLD,1221.2
1985,Domtar Incorporated,DTC,1219.5
1986,Forward Air Corporation,FWRD,1219.1
1987,U-Store-It Trust,YSI,1218.9
1988,ABN AMRO CAP FDG TR V,ABN^E,1218
1989,"Children's Place Retail Stores, Inc. (The)",PLCE,1217.7
1990,"CommScope, Inc.",CTV,1216.3
1991,Penn Virginia Corporation,PVA,1216.2
1992,"Theravance, Inc.",THRX,1215.4
1993,Universal Corporation,UVV,1215
1994,MERRILL LYNCH & CO INC,MER^H,1213
1995,Nuveen Equity Premium Opportunity Fund,JSN,1212.5
1996,Putnam Premier Income Trust,PPT,1211.9
1997,New River Pharmaceuticals Inc.,NRPH,1211.4
1998,American Greetings Corporation,AM,1211.1
1999,"Dril-Quip, Inc.",DRQ,1210.1
2000,American Reporgraphics Company,ARP,1209.8
2001,"Apria Healthcare Group, Inc.",AHG,1207.9
2002,Provident Bankshares Corporation,PBKS,1207.8
2003,VistaPrint Limited,VPRT,1207.7
2004,"Bois D'Arc Energy, Inc.",BDE,1207.4
2005,iShares S&P Europe 350 Index Fund,IEV,1207
2006,Scholastic Corporation,SCHL,1206.5
2007,"CCE Spinco, Inc.",LYV,1199.3
2008,Zale Corporation,ZLC,1197.6
2009,Citizens Banking Corporation,CBCF,1197.5
2010,Matthews International Corporation,MATW,1197.1
2011,"Magellan Health Services, Inc.",MGLN,1196.2
2012,FelCor Lodging Trust Incorporated,FCH,1195.2
2013,"FormFactor, Inc.",FORM,1194.9
2014,Newcastle Investment Corporation,NCT,1194.4
2015,"Gabelli Equity Trust, Inc. (The)",GAB,1193.1
2016,SANTANDER BANCORP,SBP,1192.1
2017,Midway Games Inc.,MWY,1191.7
2018,"Varian, Inc.",VARI,1191.1
2019,"China Medical Technologies, Inc.",CMED,1190.4
2020,Alabama National BanCorporation,ALAB,1189.7
2021,"SSA Global Technologies, Inc.",SSAG,1189.4
2022,Companhia Paranaense de Energia (COPEL),ELP,1188.6
2023,"Kingsway Financial Services, Inc.",KFS,1187.8
2024,Eldorado Gold Corp,EGO,1186.4
2025,"Itron, Inc.",ITRI,1186.4
2026,"Digital River, Inc.",DRIV,1182.3
2027,Delta Petroleum Corporation,DPTR,1181.1
2028,j2 Global Communications Inc,JCOM,1181
2029,"MKS Instruments, Inc.",MKSI,1180
2030,Black Hills Corporation,BKH,1179.3
2031,"Aviall, Inc.",AVL,1177.8
2032,"Revlon, Inc.",REV,1177.8
2033,Petrohawk Energy Corporation,HAWK,1176.6
2034,Belden CDT Inc,BDC,1174.4
2035,Doral Financial Corporation,DRL,1173.2
2036,Shanda Interactive Entertainment Limited,SNDA,1172.2
2037,"Advance America, Cash Advance Centers, Inc.",AEA,1172
2038,Parker Drilling Company,PKD,1172
2039,"Digitas, Inc.",DTAS,1171.3
2040,PSS World Medical Inc.,PSSI,1170.8
2041,FileNet Corporation,FILE,1169
2042,iShares Lehman 7-10 Year Treasury Bond Fund,IEF,1168.4
2043,"Quality Systems, Inc.",QSII,1168.4
2044,Callaway Golf Company,ELY,1168.2
2045,"Sonus Networks, Inc.",SONS,1167.1
2046,Verint Systems Inc.,VRNT,1166.8
2047,Georgia Gulf Corporation,GGC,1166.7
2048,"Knight Capital Group, Inc.",NITE,1166.5
2049,BBVA Banco Frances S.A.,BFR,1165.8
